1788589316,421.74,89,93475,68
1788589321,385.38,87,93475,67
1788589326,419.48,86,93475,67
1788589331,380.76,88,93475,67
1788589336,412.95,84,93475,67
1788589341,410.16,89,93475,68
1788589346,412.94,88,93475,68
1788589351,389.85,88,93475,67
1788589356,435.36,100,93475,74
1788589361,428.88,89,93475,68
1788589366,415.18,86,93475,68
1788589371,413.60,100,93475,73
1788589376,417.93,90,93475,68
1788589381,415.91,86,93475,68
1788589386,414.13,90,93475,68
1788589391,412.21,88,93475,67
1788589396,417.70,88,93475,68
1788589402,417.65,90,93475,68
1788589407,390.46,88,93475,67
1788589412,388.33,71,93475,68
1788589417,429.58,89,93475,68
1788589422,410.38,86,93475,67
1788589427,391.43,86,93475,67
1788589432,405.52,84,93475,68
1788589437,420.75,82,93475,72
1788589442,389.98,89,93475,67
1788589447,422.82,88,93475,72
1788589452,391.97,87,93475,67
1788589457,414.35,89,93475,67
1788589462,388.51,74,93475,66
1788589467,425.05,91,93475,67
1788589472,393.14,88,93475,67
1788589477,388.26,83,93475,67
1788589482,389.83,84,93475,67
1788589487,408.75,86,93475,67
1788589492,418.05,87,93475,67
1788589497,440.41,91,93475,67
1788589502,411.88,86,93475,67
1788589507,396.04,89,93475,67
1788589512,420.13,89,93475,68
1788589517,416.52,91,93475,67
1788589522,409.29,90,93475,67
1788589527,424.05,94,93475,69
1788589532,386.54,82,93475,67
1788589537,408.09,89,93475,67
1788589542,406.10,89,93475,69
1788589547,409.71,82,93475,71
1788589552,413.27,86,93475,67
1788589557,386.02,65,93475,65
1788589562,432.65,97,93475,70
1788589568,390.49,85,93475,67
1788589573,412.64,87,93475,67
1788589578,406.46,88,93475,67
1788589583,392.78,89,93475,67
1788589588,386.35,88,93475,67
1788589593,410.86,97,93475,69
1788589598,415.90,90,93475,67
1788589603,408.20,86,93475,67
1788589608,347.48,73,93475,69
1788589613,357.93,78,93475,65
1788589618,415.88,85,93475,67
1788589623,397.96,79,93475,66
1788589628,395.57,82,93475,66
1788589633,398.51,64,93475,68
1788589638,379.09,83,93475,66
1788589643,420.37,100,93475,71
1788589648,435.24,86,93475,66
1788589653,408.07,82,93475,67
1788589658,380.68,86,93475,66
1788589663,433.16,91,93475,67
1788589668,379.04,87,93475,66
1788589673,451.49,87,93475,68
1788589678,459.26,86,93475,66
1788589683,427.77,72,93475,69
1788589688,409.13,97,93475,70
1788589693,408.10,84,93475,67
1788589698,409.82,88,93475,67
1788589703,407.73,86,93475,67
1788589708,386.29,86,93475,67
1788589713,407.98,91,93475,67
1788589718,380.22,85,93475,66
1788589723,414.21,87,93475,67
1788589728,409.63,88,93475,67
1788589734,405.85,87,93475,67
1788589739,423.97,89,93475,67
1788589744,409.21,91,93475,67
1788589749,385.99,86,93475,66
1788589754,413.65,76,93475,70
1788589759,388.92,87,93475,67
1788589764,402.88,82,93475,66
1788589769,406.19,70,93475,71
1788589774,352.74,73,93475,65
1788589779,337.62,74,93475,65
1788589784,340.58,71,93475,64
1788589789,350.90,75,93475,64
1788589794,390.37,80,93475,65
1788589799,344.98,76,93475,64
1788589804,350.24,83,93475,64
1788589809,355.92,83,93475,63
1788589814,373.92,84,93475,66
1788589819,343.50,75,93475,64
1788589824,379.90,87,93475,65
1788589829,382.24,100,93475,69
1788589834,415.46,95,93475,69
1788589839,345.20,67,93475,64
1788589844,391.79,100,93475,71
1788589849,389.19,79,93475,65
1788589854,394.44,85,93475,66
1788589859,354.36,77,93475,64
1788589864,382.17,78,93475,64
1788589869,356.86,79,93475,65
1788589874,365.14,84,93475,64
1788589879,407.28,92,93475,67
1788589884,372.07,89,93475,65
1788589889,406.23,83,93475,64
1788589894,305.67,67,93475,62
1788589900,345.09,64,93475,63
1788589905,298.84,66,93475,63
1788589910,371.64,70,93475,63
1788589915,384.75,80,93475,63
1788589920,344.59,82,93475,63
1788589925,371.83,90,93475,64
1788589930,391.49,80,93475,65
1788589935,408.47,76,93475,64
1788589940,373.80,82,93475,64
1788589945,412.68,95,93475,67
1788589950,392.21,68,93475,68
1788589955,384.76,79,93475,64
1788589960,417.29,77,93475,65
1788589965,411.59,88,93475,65
1788589970,391.91,79,93475,65
1788589975,419.73,84,93475,65
1788589980,367.99,86,93475,65
1788589985,389.83,83,93475,65
1788589990,422.11,85,93475,65
1788589995,400.51,85,93475,66
1788590000,393.60,83,93475,65
1788590005,406.70,85,93475,65
1788590010,364.89,79,93475,65
1788590015,397.25,81,93475,65
1788590020,393.82,83,93475,65
1788590025,412.56,88,93475,66
1788590030,437.83,85,93475,66
1788590035,399.76,84,93475,66
1788590040,400.00,88,93475,66
1788590045,409.04,89,93475,67
1788590050,403.56,88,93475,66
1788590055,400.06,87,93475,66
1788590060,412.14,85,93475,66
1788590066,431.81,86,93475,67
1788590071,426.21,92,93475,71
1788590076,419.01,88,93475,67
1788590081,403.29,84,93475,66
1788590086,383.16,86,93475,67
1788590091,384.77,87,93475,67
1788590096,376.48,84,93475,66
1788590101,438.25,87,93475,67
1788590106,429.49,88,93475,68
1788590111,409.60,89,93475,67
1788590116,399.81,85,93475,67
1788590121,385.01,86,93475,67
1788590126,402.14,82,93475,67
1788590131,383.43,84,93475,67
1788590136,416.17,86,93475,67
1788590141,386.52,90,93475,67
1788590146,382.52,89,93475,67
1788590151,377.04,87,93475,66
1788590156,380.50,60,93475,65
1788590161,412.02,81,93475,67
1788590166,433.40,89,93475,69
1788590171,409.12,84,93475,67
1788590176,419.48,91,93475,67
1788590181,418.32,88,93475,67
1788590186,419.47,87,93475,67
1788590191,419.05,90,93475,67
1788590196,391.80,89,93475,67
1788590201,393.62,86,93475,67
1788590206,404.89,86,93475,67
1788590211,401.78,88,93475,67
1788590216,406.93,87,93475,67
1788590221,387.46,85,93475,67
1788590226,412.54,100,93475,72
1788590231,411.02,87,93475,67
1788590237,424.28,86,93475,67
1788590242,388.57,86,93475,67
1788590247,389.74,91,93475,67
1788590252,386.27,87,93475,67
1788590257,384.34,89,93475,67
1788590262,426.47,85,93475,68
1788590267,441.58,91,93475,68
1788590272,409.75,88,93475,67
1788590277,415.45,88,93475,67
1788590282,407.19,88,93475,68
1788590287,421.73,83,93475,72
1788590292,409.56,97,93475,70
1788590297,410.89,84,93475,68
1788590302,412.27,89,93475,68
1788590307,386.63,89,93475,67
1788590312,429.97,88,93475,72
1788590317,429.06,81,93475,68
1788590322,442.59,87,93475,68
1788590327,436.83,85,93475,68
1788590332,388.95,88,93475,67
1788590337,458.43,86,93475,68
1788590342,500.66,90,93475,70
1788590347,415.58,100,93475,73
1788590352,412.62,88,93475,67
1788590357,413.47,88,93475,68
1788590362,420.95,84,93475,68
1788590367,414.18,90,93475,69
1788590372,415.29,87,93475,68
1788590377,421.27,80,93475,72
1788590382,415.94,90,93475,68
1788590387,416.30,89,93475,68
1788590392,425.42,87,93475,68
1788590397,405.97,100,93475,72
1788590402,391.53,90,93475,67
1788590407,388.30,88,93475,67
1788590413,389.82,88,93475,67
1788590418,438.82,99,93475,73
1788590423,414.87,91,93475,68
1788590428,411.10,80,93475,68
1788590433,418.67,87,93475,67
1788590438,416.29,89,93475,67
1788590443,392.25,88,93475,67
1788590448,390.36,89,93475,68
1788590453,389.08,89,93475,68
1788590458,385.27,69,93475,65
1788590463,390.42,88,93475,67
1788590468,385.58,88,93475,67
1788590473,411.62,88,93475,67
1788590478,419.67,88,93475,68
1788590483,426.36,89,93475,68
1788590488,391.62,91,93475,67
1788590493,425.94,89,93475,68
1788590498,388.93,84,93475,68
1788590503,391.20,87,93475,67
1788590508,412.31,85,93475,68
1788590513,423.86,88,93475,68
1788590518,400.35,89,93475,68
1788590523,416.43,89,93475,67
1788590528,426.85,84,93475,68
1788590533,409.29,84,93475,70
1788590538,389.67,90,93475,67
1788590543,421.32,89,93475,71
1788590548,418.49,97,93475,71
1788590553,427.76,89,93475,68
1788590558,406.87,96,93475,69
1788590563,416.63,86,93475,67
1788590568,392.38,84,93475,67
1788590573,390.37,88,93475,67
1788590579,391.26,91,93475,67
1788590584,420.42,91,93475,67
1788590589,407.94,85,93475,67
1788590594,408.09,89,93475,67
1788590599,408.83,91,93475,67
1788590604,416.87,88,93475,68
1788590609,421.56,88,93475,68
1788590614,441.98,88,93475,69
1788590619,409.22,86,93475,68
1788590624,415.71,87,93475,68
1788590629,416.10,85,93475,68
1788590634,393.93,90,93475,67
1788590639,412.42,97,93475,72
1788590644,415.89,90,93475,68
1788590649,424.77,93,93475,72
1788590654,436.16,90,93475,68
1788590659,390.27,90,93475,68
1788590664,420.94,75,93475,71
1788590669,518.75,93,93475,74
1788590674,433.68,90,93475,68
1788590679,415.30,89,93475,68
1788590684,417.89,87,93475,67
1788590689,423.69,89,93475,68
1788590694,384.60,85,93475,68
1788590699,417.82,97,93475,70
1788590704,449.17,98,93475,73
1788590709,408.76,88,93475,68
1788590714,383.03,87,93475,68
1788590719,415.54,87,93475,68
1788590724,444.38,77,93475,73
1788590729,388.61,89,93475,67
1788590734,408.40,100,93475,73
1788590739,401.50,84,93475,72
1788590745,416.34,88,93475,68
1788590750,398.21,90,93475,68
1788590755,392.56,89,93475,67
1788590760,411.45,87,93475,67
1788590765,438.89,89,93475,68
1788590770,424.86,85,93475,68
1788590775,390.40,88,93475,68
1788590780,392.44,89,93475,68
1788590785,425.28,90,93475,67
1788590790,415.35,85,93475,67
1788590795,400.89,89,93475,67
1788590800,445.33,100,93475,73
1788590805,418.32,88,93475,68
1788590810,419.63,90,93475,67
1788590815,430.12,89,93475,68
1788590820,428.14,89,93475,68
1788590825,416.22,88,93475,68
1788590830,437.29,89,93475,68
1788590835,395.45,91,93475,69
1788590840,412.69,89,93475,68
1788590845,398.93,87,93475,67
1788590850,419.43,89,93475,67
1788590855,424.81,90,93475,68
1788590860,412.09,84,93475,70
1788590865,389.53,89,93475,68
1788590870,427.58,88,93475,68
1788590875,422.76,86,93475,68
1788590880,394.33,87,93475,68
1788590885,394.09,90,93475,67
1788590890,414.70,100,93475,72
1788590895,399.83,84,93475,66
1788590900,421.53,84,93475,68
1788590905,436.18,83,93475,68
1788590910,419.53,82,93475,72
1788590916,417.87,77,93475,70
1788590921,418.18,89,93475,68
1788590926,425.48,88,93475,71
1788590931,392.79,89,93475,68
1788590936,391.45,85,93475,68
1788590941,391.84,88,93475,68
1788590946,413.10,77,93475,67
1788590951,439.95,91,93475,68
1788590956,416.43,89,93475,69
1788590961,391.79,88,93475,67
1788590966,387.24,86,93475,68
1788590971,448.03,92,93475,70
1788590976,421.77,84,93475,68
1788590981,417.28,88,93475,68
1788590986,416.60,89,93475,68
1788590991,424.44,88,93475,68
1788590996,391.60,91,93475,68
1788591001,409.65,85,93475,68
1788591006,414.42,86,93475,68
1788591011,414.72,85,93475,68
1788591016,389.53,89,93475,68
1788591021,391.01,85,93475,67
1788591026,388.45,85,93475,67
1788591031,422.34,90,93475,68
1788591036,411.44,90,93475,68
1788591041,388.90,84,93475,67
1788591046,434.67,87,93475,68
1788591051,399.54,88,93475,67
1788591056,392.81,90,93475,68
1788591061,439.41,77,93475,66
1788591066,417.16,76,93475,70
1788591071,411.67,89,93475,68
1788591076,425.61,73,93475,70
1788591082,391.78,89,93475,68
1788591087,426.77,89,93475,68
1788591092,390.41,90,93475,67
1788591097,391.54,89,93475,68
1788591102,392.85,86,93475,67
1788591107,409.46,83,93475,67
1788591112,426.95,90,93475,68
1788591117,440.73,88,93475,68
1788591122,389.70,88,93475,67
1788591127,423.42,90,93475,68
1788591132,456.43,84,93475,69
1788591137,421.72,89,93475,68
1788591142,415.63,89,93475,68
1788591147,392.79,78,93475,67
1788591152,401.39,89,93475,67
1788591157,411.96,88,93475,68
1788591162,403.70,89,93475,68
1788591167,420.21,85,93475,67
1788591172,386.79,87,93475,67
1788591177,391.81,90,93475,68
1788591182,406.40,97,93475,69
1788591187,416.58,88,93475,68
1788591192,392.03,90,93475,67
1788591197,407.85,89,93475,68
1788591202,404.94,89,93475,68
1788591207,390.02,89,93475,68
1788591212,389.33,90,93475,67
1788591217,390.63,88,93475,67
1788591222,395.09,89,93475,67
1788591227,408.02,89,93475,67
1788591232,416.99,86,93475,68
1788591237,437.38,89,93475,68
1788591242,416.86,88,93475,68
1788591248,435.93,89,93475,68
1788591253,419.42,90,93475,68
1788591258,419.34,90,93475,68
1788591263,413.30,96,93475,72
1788591268,393.32,91,93475,68
1788591273,443.12,89,93475,68
1788591278,419.51,90,93475,68
1788591283,440.14,88,93475,69
1788591288,415.58,84,93475,68
1788591293,393.51,88,93475,68
1788591298,418.12,88,93475,68
1788591303,393.46,71,94023,70
1788591308,452.49,89,94023,69
1788591313,415.37,90,94023,68
1788591318,460.52,99,94023,73
1788591323,389.84,83,94023,68
1788591328,422.58,90,94023,68
1788591333,420.66,88,94023,68
1788591338,408.36,86,94023,68
1788591343,417.20,89,94023,68
1788591348,392.60,88,94023,68
1788591353,424.51,83,94023,68
1788591358,393.08,88,94023,68
1788591363,393.04,84,94023,67
1788591368,419.42,90,94023,68
1788591373,417.36,90,94023,68
1788591378,389.27,88,94023,68
1788591383,391.02,88,94023,68
1788591388,415.50,86,94023,68
1788591393,392.47,86,94023,68
1788591398,460.43,85,94023,68
1788591403,393.17,90,94023,68
1788591408,392.31,90,94023,68
1788591414,421.83,82,94023,71
1788591419,437.86,88,94023,68
1788591424,391.28,88,94023,68
1788591429,445.20,90,94023,69
1788591434,391.25,90,94023,68
1788591439,388.13,75,94023,69
1788591444,412.61,97,94023,70
1788591449,432.75,100,94023,73
1788591454,403.15,88,94023,68
1788591459,410.41,90,94023,69
1788591464,416.61,89,94023,68
1788591469,411.97,88,94023,67
1788591474,415.79,89,94023,68
1788591479,441.02,88,94023,68
1788591484,410.28,89,94023,68
1788591489,404.42,88,94023,67
1788591494,417.10,87,94023,68
1788591499,409.58,84,94023,67
1788591504,426.14,86,94023,70
1788591509,393.55,89,94023,67
1788591514,421.71,98,94023,71
1788591519,412.05,88,94023,68
1788591524,417.52,89,94023,68
1788591529,434.42,79,94023,72
1788591534,440.38,97,94023,72
1788591539,389.27,84,94023,68
1788591544,437.78,90,94023,69
1788591549,430.47,88,94023,68
1788591554,439.65,89,94023,69
1788591559,395.17,89,94023,68
1788591564,391.30,88,94023,68
1788591569,422.27,89,94023,68
1788591574,416.17,75,94023,69
1788591580,446.18,93,94023,70
1788591585,415.37,86,94023,68
1788591590,404.66,86,94023,68
1788591595,419.24,88,94023,68
1788591600,428.49,89,94023,69
1788591605,422.87,93,94023,70
1788591610,394.51,82,94023,72
1788591615,428.28,89,94023,69
1788591620,424.53,89,94023,69
1788591625,419.70,88,94023,68
1788591630,432.82,87,94023,72
1788591635,417.92,89,94023,70
1788591640,422.53,89,94023,68
1788591645,408.81,92,94023,73
1788591650,390.02,87,94023,68
1788591655,391.32,89,94023,68
1788591660,442.07,91,94023,69
1788591665,421.07,89,94023,68
1788591670,410.20,83,94023,68
1788591675,385.81,83,94023,68
1788591680,412.74,87,94023,68
1788591685,390.72,89,94023,68
1788591690,468.74,90,94023,70
1788591695,392.70,88,94023,68
1788591700,416.79,88,94023,68
1788591705,444.41,92,94023,70
1788591710,447.34,93,94023,70
1788591715,394.38,91,94023,68
1788591720,429.88,100,94023,69
1788591725,425.94,89,94023,68
1788591730,390.55,86,94023,68
1788591735,432.95,89,94023,69
1788591740,438.89,87,94023,68
1788591746,411.53,89,94023,68
1788591751,406.58,89,94023,68
1788591756,408.20,88,94023,68
1788591761,388.90,87,94023,68
1788591766,430.20,89,94023,68
1788591771,406.71,81,94023,68
1788591776,400.71,90,94023,68
1788591781,417.04,90,94023,68
1788591786,416.08,89,94023,68
1788591791,419.43,90,94023,68
1788591796,394.58,88,94023,68
1788591801,393.55,91,94023,66
1788591806,414.22,89,94023,68
1788591811,422.19,89,94023,68
1788591816,421.79,84,94023,68
1788591821,437.16,88,94023,68
1788591826,409.19,89,94023,68
1788591831,438.95,89,94023,69
1788591836,414.01,87,94023,68
1788591841,440.25,100,94023,73
1788591846,396.29,88,94023,68
1788591851,395.38,90,94023,68
1788591856,445.05,89,94023,69
1788591861,442.60,86,94023,68
1788591866,415.26,89,94023,68
1788591871,392.01,90,94023,68
1788591876,403.17,85,94023,68
1788591881,432.54,90,94023,69
1788591886,412.80,84,94023,68
1788591891,408.62,94,94023,73
1788591896,425.64,89,94023,69
1788591901,442.54,88,94023,69
1788591907,448.01,83,94023,68
1788591912,443.71,90,94023,69
1788591917,391.88,86,94023,68
1788591922,431.20,85,94023,71
1788591927,407.17,85,94023,73
1788591932,414.09,100,94023,73
1788591937,422.53,82,94023,72
1788591942,456.18,91,94023,70
1788591947,414.68,89,94023,68
1788591952,417.78,97,94023,73
1788591957,416.22,90,94023,68
1788591962,396.14,89,94023,68
1788591967,418.75,88,94023,68
1788591972,389.52,86,94023,68
1788591977,397.25,79,94023,72
1788591982,392.20,88,94023,68
1788591987,414.87,90,94023,68
1788591992,422.37,88,94023,68
1788591997,392.03,88,94023,68
1788592002,397.72,89,94023,68
1788592007,426.05,91,94023,69
1788592012,427.12,89,94023,69
1788592017,416.38,88,94023,69
1788592022,393.23,89,94023,68
1788592027,393.71,89,94023,68
1788592032,412.07,91,94023,69
1788592037,421.45,86,94023,68
1788592042,425.05,84,94023,67
1788592047,397.40,91,94023,68
1788592052,420.69,85,94023,68
1788592057,418.18,89,94023,68
1788592062,426.60,89,94023,69
1788592067,393.04,89,94023,68
1788592073,420.31,88,94023,68
1788592078,397.68,88,94023,68
1788592083,390.44,89,94023,68
1788592088,424.11,89,94023,69
1788592093,440.60,90,94023,69
1788592098,416.28,88,94023,68
1788592103,430.17,79,94023,69
1788592108,412.77,88,94023,68
1788592113,417.53,86,94023,68
1788592118,397.26,89,94023,68
1788592123,418.84,87,94023,69
1788592128,394.75,88,94023,69
1788592133,415.31,89,94023,68
1788592138,395.44,90,94023,68
1788592143,426.23,89,94023,69
1788592148,432.43,89,94023,69
1788592153,392.09,85,94023,68
1788592158,444.55,89,94023,69
1788592163,461.02,88,94023,69
1788592168,426.17,89,94023,69
1788592173,421.97,90,94023,69
1788592178,420.82,89,94023,69
1788592183,412.88,87,94023,72
1788592188,390.73,89,94023,69
1788592193,443.80,87,94023,69
1788592198,440.74,89,94023,69
1788592203,416.98,86,94023,68
1788592208,410.55,87,94023,69
1788592213,392.38,84,94023,68
1788592218,389.14,88,94023,68
1788592223,392.04,86,94023,68
1788592228,388.71,88,94023,68
1788592234,417.67,88,94023,68
1788592239,388.47,80,94023,68
1788592244,415.86,88,94023,68
1788592249,438.14,100,94023,73
1788592254,394.57,89,94023,68
1788592259,422.33,100,94023,70
1788592264,392.10,89,94023,68
1788592269,399.39,88,94023,68
1788592274,421.53,88,94023,68
1788592279,407.21,85,94023,68
1788592284,417.67,79,94023,71
1788592289,398.67,72,94023,71
1788592294,430.69,88,94023,69
1788592299,419.78,89,94023,68
1788592304,393.11,89,94023,68
1788592309,423.89,89,94023,68
1788592314,418.44,89,94023,71
1788592319,410.58,90,94023,68
1788592324,390.66,88,94023,68
1788592329,430.46,87,94023,70
1788592334,416.65,87,94023,68
1788592339,415.07,88,94023,69
1788592344,417.39,84,94023,68
1788592349,406.35,88,94023,67
1788592354,398.04,88,94023,68
1788592359,391.39,86,94023,68
1788592364,392.14,89,94023,68
1788592369,411.66,89,94023,69
1788592374,417.27,79,94023,71
1788592379,423.43,89,94023,68
1788592384,423.92,91,94023,68
1788592389,425.63,85,94023,72
1788592394,391.86,90,94023,68
1788592400,431.00,89,94023,68
1788592405,412.65,90,94023,68
1788592410,443.66,97,94023,71
1788592415,392.37,88,94023,68
1788592420,440.14,67,94023,70
1788592425,444.52,89,94023,69
1788592430,414.70,89,94023,68
1788592435,416.00,87,94023,69
1788592440,388.02,86,94023,68
1788592445,411.55,84,94023,68
1788592450,423.99,77,94023,69
1788592455,415.35,93,94023,70
1788592460,392.09,89,94023,68
1788592465,452.80,90,94023,69
1788592470,385.90,86,94023,68
1788592475,415.93,88,94023,68
1788592480,423.12,74,94023,73
1788592485,416.74,76,94023,71
1788592490,420.98,88,94023,69
1788592495,419.42,82,94023,69
1788592500,418.37,87,94023,68
1788592505,393.81,81,94023,71
1788592510,413.53,89,94023,68
1788592515,390.22,87,94023,68
1788592520,399.82,85,94023,71
1788592525,392.44,88,94023,68
1788592530,390.67,86,94023,68
1788592535,417.30,72,94023,69
1788592540,392.18,91,94023,68
1788592545,384.19,88,94023,68
1788592550,417.40,86,94023,68
1788592555,450.85,90,94023,68
1788592560,408.26,87,94023,68
1788592566,386.16,90,94023,68
1788592571,419.37,89,94023,68
1788592576,418.31,89,94023,68
1788592581,420.66,84,94023,69
1788592586,385.50,64,94023,66
1788592591,397.79,89,94023,70
1788592596,416.05,88,94023,68
1788592601,411.29,90,94023,68
1788592606,426.73,89,94023,69
1788592611,393.32,89,94023,67
1788592616,390.99,89,94023,68
1788592621,422.70,100,94023,69
1788592626,413.97,87,94023,68
1788592631,405.46,89,94023,68
1788592636,391.63,89,94023,68
1788592641,389.21,86,94023,67
1788592646,397.15,91,94023,68
1788592651,440.97,89,94023,68
1788592656,414.53,89,94023,68
1788592661,413.14,64,94023,69
1788592666,413.51,90,94023,68
1788592671,392.60,87,94023,68
1788592676,442.64,89,94023,69
1788592681,417.99,88,94023,68
1788592686,431.88,100,94023,74
1788592691,392.88,90,94023,68
1788592696,408.24,88,94023,68
1788592701,386.63,71,94023,67
1788592706,418.37,89,94023,68
1788592711,436.91,90,94023,69
1788592716,390.17,89,94023,68
1788592721,418.73,90,94023,68
1788592726,460.58,89,94023,69
1788592732,437.75,88,94023,69
1788592737,393.77,88,94023,69
1788592742,416.37,87,94023,68
1788592747,459.64,89,94023,68
1788592752,452.82,94,94023,71
1788592757,407.08,90,94023,69
1788592762,419.51,80,94023,69
1788592767,395.53,88,94023,69
1788592772,414.64,89,94023,69
1788592777,391.92,90,94023,68
1788592782,394.40,77,94023,70
1788592787,454.20,91,94023,69
1788592792,422.87,88,94023,68
1788592797,444.13,87,94023,69
1788592802,392.04,88,94023,68
1788592807,415.18,90,94023,68
1788592812,408.41,88,94023,68
1788592817,447.57,100,94023,74
1788592822,435.21,88,94023,69
1788592827,410.34,87,94023,68
1788592832,396.44,89,94023,68
1788592837,424.52,88,94023,68
1788592842,414.85,90,94023,70
1788592847,425.10,87,94023,68
1788592852,417.02,97,94023,70
1788592857,430.38,88,94023,69
1788592862,423.33,88,94023,68
1788592867,402.73,89,94023,68
1788592872,424.04,90,94023,69
1788592877,407.30,87,94023,72
1788592882,410.93,88,94023,69
1788592887,407.18,90,94023,68
1788592893,424.95,89,94023,69
1788592898,426.36,88,94023,69
1788592903,428.26,89,94023,68
1788592908,420.22,90,94023,68
1788592913,398.86,87,94023,68
1788592918,394.19,91,94023,68
1788592923,393.27,90,94023,68
1788592928,390.92,87,94023,68
1788592933,420.80,88,94023,68
1788592938,439.02,86,94023,73
1788592943,417.66,90,94023,69
1788592948,423.88,73,94023,71
1788592953,421.00,88,94023,69
1788592958,416.38,87,94023,68
1788592963,414.68,88,94023,69
1788592968,398.66,89,94023,69
1788592973,392.89,86,94023,68
1788592978,395.03,89,94023,68
1788592983,416.27,89,94023,69
1788592988,440.22,97,94023,71
1788592993,444.69,88,94023,69
1788592998,417.92,89,94023,69
1788593003,412.16,79,94023,69
1788593008,387.31,90,94023,69
1788593013,431.51,89,94023,69
1788593018,417.32,90,94023,69
1788593023,413.21,89,94023,69
1788593028,395.85,91,94023,69
1788593033,425.28,85,94023,69
1788593038,415.30,89,94023,69
1788593043,391.64,87,94023,68
1788593048,412.59,96,94023,73
1788593054,417.67,90,94023,69
1788593059,390.31,89,94023,69
1788593064,387.96,86,94023,69
1788593069,445.62,89,94023,69
1788593074,440.75,97,94023,72
1788593079,430.66,84,94023,69
1788593084,392.99,88,94023,68
1788593089,418.37,89,94023,69
1788593094,413.02,89,94023,71
1788593099,389.55,83,94023,68
1788593104,389.48,88,94023,68
1788593109,415.38,84,94023,68
1788593114,392.47,86,94023,68
1788593119,436.74,90,94023,69
1788593124,420.62,89,94023,69
1788593129,421.42,89,94023,69
1788593134,423.45,82,94023,73
1788593139,418.11,89,94023,69
1788593144,422.45,89,94023,69
1788593149,392.39,88,94023,69
1788593154,416.15,90,94023,69
1788593159,412.83,86,94023,69
1788593164,408.66,91,94023,68
1788593169,381.76,85,94023,68
1788593174,428.80,89,94023,69
1788593179,414.18,90,94023,69
1788593184,409.63,92,94023,69
1788593189,411.91,89,94023,68
1788593194,411.18,87,94023,68
1788593199,392.09,86,94023,68
1788593204,390.08,91,94023,68
1788593209,395.64,90,94023,68
1788593214,435.48,90,94023,69
1788593220,413.18,89,94023,68
1788593225,427.85,76,94023,73
1788593230,420.52,89,94023,69
1788593235,391.10,86,94023,68
1788593240,411.11,87,94023,69
1788593245,444.76,89,94023,69
1788593250,441.76,91,94023,69
1788593255,396.97,89,94023,69
1788593260,392.44,88,94023,69
1788593265,419.51,86,94023,69
1788593270,446.54,93,94023,71
1788593275,423.70,84,94023,69
1788593280,392.56,90,94023,69
1788593285,420.75,88,94023,69
1788593290,442.99,83,94023,74
1788593295,418.41,95,94023,71
1788593300,420.01,88,94023,69
1788593305,424.41,83,94023,69
1788593310,390.49,89,94023,69
1788593315,432.20,89,94023,70
1788593320,410.98,90,94023,69
1788593325,391.97,86,94023,69
1788593330,419.86,89,94023,69
1788593335,415.81,90,94023,69
1788593340,414.76,90,94023,69
1788593345,418.46,91,94023,69
1788593350,434.20,89,94023,70
1788593355,429.91,91,94023,69
1788593360,416.05,88,94023,69
1788593365,421.65,100,94023,74
1788593370,414.74,90,94023,69
1788593375,450.02,89,94023,70
1788593380,414.01,89,94023,69
1788593386,432.09,89,94023,70
1788593391,389.86,86,94023,68
1788593396,419.77,88,94023,69
1788593401,424.26,88,94023,69
1788593406,394.40,86,94023,69
1788593411,416.92,88,94023,68
1788593416,426.73,88,94023,69
1788593421,391.83,89,94023,68
1788593426,442.53,89,94023,70
1788593431,402.71,90,94023,69
1788593436,419.82,88,94023,69
1788593441,406.42,90,94023,69
1788593446,408.57,85,94023,69
1788593451,393.89,88,94023,69
1788593456,434.34,89,94023,69
1788593461,410.05,88,94023,69
1788593466,421.56,89,94023,69
1788593471,438.04,89,94023,69
1788593476,414.02,90,94023,69
1788593481,424.40,95,94023,71
1788593486,392.48,88,94023,68
1788593491,395.12,85,94023,68
1788593496,394.15,90,94023,68
1788593501,394.27,91,94023,68
1788593506,395.52,90,94023,68
1788593511,392.32,85,94023,68
1788593516,333.94,0,94023,63
1788593521,60.67,0,4,57
1788593526,90.33,0,1486,56
1788593531,198.09,0,5616,56
1788593536,221.72,0,5616,56
1788593541,196.64,59,5744,57
1788593546,169.36,0,5872,54
1788593552,96.96,0,5944,52
1788593557,95.81,22,9592,53
1788593562,97.13,22,11864,50
1788593567,112.57,25,33464,49
1788593572,106.93,23,52120,51
1788593577,109.91,15,72632,48
1788593582,85.31,0,76504,47
1788593587,85.45,0,76504,46
1788593592,230.99,99,76818,51
1788593597,186.34,100,76820,51
1788593602,195.05,100,76820,51
1788593607,173.71,100,77076,50
1788593612,318.34,69,77086,54
1788593617,431.97,84,77088,60
1788593622,405.52,96,77092,57
1788593627,429.17,61,77092,57
1788593632,287.06,0,77092,54
1788593637,440.80,92,77092,64
1788593642,426.65,63,77092,61
1788593647,442.83,92,77096,66
1788593652,217.29,99,77096,59
1788593657,426.32,84,77096,66
1788593662,437.73,80,77096,67
1788593667,423.25,93,77110,67
1788593672,445.75,71,77122,68
1788593677,452.79,93,77122,68
1788593682,446.08,94,77122,69
1788593687,450.76,92,77144,69
1788593692,454.94,80,77144,71
1788593697,520.62,99,78008,74
1788593702,379.51,0,78008,63
1788593707,450.17,92,78012,70
1788593712,452.97,93,78018,71
1788593717,423.57,93,78018,71
1788593722,449.35,93,78018,71
1788593727,454.47,93,78018,72
1788593732,417.95,92,78020,71
1788593738,441.26,92,78020,72
1788593743,460.50,98,78020,68
1788593748,421.06,92,78020,71
1788593753,441.26,92,78024,72
1788593758,436.24,94,78024,72
1788593763,455.02,93,78024,72
1788593768,451.40,96,78024,74
1788593773,448.94,92,78024,72
1788593778,458.02,92,78024,73
1788593783,461.34,93,78024,74
1788593788,454.45,93,78024,73
1788593793,448.30,92,78024,73
1788593798,455.00,93,78024,73
1788593803,452.47,94,78024,73
1788593808,450.04,62,78024,70
1788593813,454.75,90,78024,72
1788593818,451.31,55,78024,72
1788593823,462.11,92,78024,73
1788593828,449.40,92,78024,73
1788593833,426.90,93,78024,73
1788593838,454.02,93,78024,73
1788593843,459.43,80,78024,74
1788593848,453.88,93,78024,74
1788593853,460.34,92,78024,74
1788593858,451.40,92,78024,73
1788593863,456.95,92,78024,74
1788593868,453.14,92,78024,74
1788593873,464.92,92,78030,74
1788593878,474.73,99,78030,78
1788593883,454.09,92,78030,74
1788593888,466.82,74,78030,73
1788593893,454.98,72,78030,75
1788593898,450.86,92,78030,74
1788593903,454.25,93,78030,74
1788593908,463.89,93,78030,74
1788593913,462.43,91,78030,74
1788593919,495.61,99,78030,78
1788593924,463.32,92,78030,75
1788593929,453.31,93,78030,74
1788593934,450.89,93,78030,74
1788593939,460.50,93,78030,74
1788593944,462.21,92,78030,74
1788593949,459.00,91,78030,74
1788593954,445.10,93,78030,74
1788593959,439.52,94,78030,74
1788593964,462.92,93,78030,73
1788593969,468.81,92,78030,74
1788593974,439.28,95,78030,76
1788593979,446.87,71,78040,71
1788593984,466.92,92,78040,74
1788593989,464.03,92,78040,75
1788593994,459.01,92,78040,74
1788593999,433.97,92,78202,74
1788594004,436.14,92,78202,74
1788594009,455.33,92,78202,75
1788594014,458.12,93,78202,74
1788594019,456.41,92,78202,74
1788594024,466.72,92,78202,75
1788594029,438.51,52,78202,70
1788594034,458.84,92,78202,75
1788594039,458.64,69,78202,71
1788594044,448.49,93,78206,74
1788594049,460.95,77,78206,74
1788594054,450.36,92,78206,74
1788594059,443.04,52,78206,69
1788594064,450.81,92,78206,75
1788594069,425.99,15,78206,68
1788594074,452.43,93,78206,74
1788594079,465.52,92,78206,74
1788594084,456.35,93,78206,74
1788594089,447.57,94,78206,74
1788594094,456.62,93,78216,74
1788594100,457.43,94,78216,73
1788594105,466.48,93,78216,74
1788594110,439.75,85,78216,74
1788594115,450.61,93,78216,74
1788594120,459.95,93,78216,73
1788594125,476.35,98,78216,77
1788594130,448.20,94,78216,73
1788594135,450.70,93,78216,74
1788594140,462.11,93,78216,74
1788594145,453.48,88,78216,75
1788594150,454.23,56,78216,71
1788594155,449.62,92,78216,74
1788594160,444.49,67,78216,74
1788594165,454.39,93,78216,74
1788594170,469.47,93,78216,74
1788594175,456.59,93,78216,74
1788594180,450.08,57,78216,70
1788594185,445.41,93,78216,73
1788594190,467.67,84,78216,76
1788594195,458.54,76,78216,72
1788594200,457.04,97,78216,74
1788594205,464.16,92,78216,75
1788594210,467.94,92,78216,74
1788594215,456.11,69,78216,73
1788594220,454.19,92,78216,74
1788594225,454.88,91,78216,75
1788594230,441.29,92,78216,74
1788594235,452.86,62,78216,74
1788594240,447.53,94,78216,74
1788594245,464.96,92,78216,74
1788594250,422.27,54,78216,69
1788594255,438.64,63,78216,71
1788594260,421.77,83,78220,72
1788594265,445.71,92,78220,74
1788594270,468.05,98,78220,77
1788594275,449.83,70,78220,73
1788594280,467.01,92,78220,75
1788594286,456.51,93,78220,74
1788594291,464.69,92,78220,75
1788594296,440.67,93,78224,74
1788594301,453.60,92,78224,75
1788594306,459.65,93,78224,74
1788594311,444.42,54,78224,73
1788594316,449.20,94,78224,74
1788594321,445.56,60,78224,73
1788594326,463.17,92,78224,74
1788594331,465.64,92,78224,74
1788594336,441.25,94,78226,73
1788594341,450.90,93,78226,74
1788594346,444.88,93,78226,74
1788594351,445.12,92,78226,74
1788594356,452.52,93,78226,74
1788594361,437.07,93,78226,74
1788594366,475.42,93,78226,74
1788594371,466.92,92,78228,75
1788594376,437.57,92,78228,74
1788594381,459.35,92,78228,75
1788594386,442.88,93,78228,73
1788594391,458.59,93,78228,74
1788594396,464.08,92,78228,75
1788594401,451.92,92,78228,74
1788594406,444.85,92,78228,75
1788594411,467.62,92,78228,74
1788594416,444.64,91,78228,74
1788594421,441.62,95,78228,74
1788594426,457.33,92,78228,74
1788594431,460.63,88,78228,74
1788594436,455.55,92,78228,74
1788594441,461.52,93,78228,74
1788594446,446.34,92,78228,74
1788594451,463.59,92,78228,74
1788594456,456.36,92,78228,74
1788594461,451.91,80,78228,73
1788594467,475.74,92,78228,74
1788594472,454.06,92,78228,74
1788594477,444.94,66,78228,75
1788594482,455.29,73,78228,76
1788594487,449.53,92,78228,74
1788594492,449.24,93,78228,74
1788594497,458.12,94,78228,74
1788594502,463.85,92,78228,75
1788594507,457.02,50,78228,70
1788594512,451.00,94,78228,74
1788594517,452.23,93,78230,75
1788594522,447.32,92,78230,73
1788594527,468.03,93,78230,74
1788594532,463.84,93,78230,74
1788594537,440.87,92,78240,75
1788594542,444.36,92,78240,74
1788594547,460.81,97,78240,77
1788594552,468.57,91,78240,75
1788594557,442.74,76,78240,72
1788594562,453.43,92,78240,74
1788594567,459.83,92,78240,74
1788594572,466.14,94,78240,74
1788594577,467.40,92,78240,74
1788594582,454.95,92,78240,74
1788594587,432.18,92,78240,73
1788594592,374.04,51,78240,74
1788594597,459.10,92,78240,74
1788594602,451.86,93,78240,75
1788594607,453.76,94,78240,74
1788594612,456.96,93,78240,74
1788594617,457.34,93,78240,75
1788594622,453.30,70,78240,71
1788594627,462.39,92,78240,75
1788594632,450.90,92,78240,74
1788594637,453.31,93,78250,74
1788594642,451.74,93,78250,74
1788594647,449.28,89,78250,76
1788594653,429.92,64,78250,70
1788594658,438.46,94,78250,74
1788594663,457.22,92,78250,74
1788594668,428.30,92,78260,74
1788594673,451.41,51,78260,70
1788594678,466.74,92,78266,74
1788594683,456.14,94,78266,74
1788594688,445.67,94,78266,74
1788594693,456.26,93,78266,74
1788594698,459.76,95,78266,75
1788594703,447.74,66,78266,70
1788594708,437.95,92,78266,75
1788594713,451.48,91,78266,74
1788594718,447.49,92,78266,74
1788594723,458.17,92,78266,75
1788594728,455.30,97,78266,76
1788594733,457.87,91,78266,74
1788594738,458.03,92,78266,74
1788594743,450.34,87,78266,76
1788594748,448.58,92,78266,74
1788594753,460.94,92,78266,75
1788594758,453.47,93,78266,74
1788594763,464.99,93,78266,74
1788594768,472.17,60,78266,71
1788594773,458.77,84,78266,74
1788594778,446.04,64,78266,74
1788594783,446.42,88,78266,75
1788594788,441.46,93,78266,74
1788594793,451.06,92,78266,73
1788594798,459.17,92,78266,75
1788594803,464.28,92,78266,74
1788594808,472.27,93,78266,75
1788594813,445.37,59,78268,75
1788594818,466.04,92,78268,75
1788594823,449.87,71,78268,75
1788594828,462.21,92,78268,74
1788594834,455.20,93,78268,74
1788594839,472.36,92,78268,75
1788594844,446.75,92,78268,74
1788594849,464.91,92,78268,74
1788594854,422.47,93,78268,75
1788594859,445.10,92,78268,74
1788594864,449.61,93,78268,74
1788594869,445.02,92,78268,74
1788594874,468.77,93,78268,75
1788594879,448.60,52,78268,75
1788594884,539.37,92,78268,75
1788594889,441.02,92,78268,74
1788594894,458.77,93,78268,75
1788594899,461.70,92,78268,75
1788594904,438.89,92,78268,73
1788594909,455.24,94,78268,74
1788594914,466.69,92,78268,74
1788594919,428.29,92,78268,74
1788594924,460.02,93,78268,75
1788594929,461.32,93,78268,75
1788594934,456.86,94,78268,74
1788594939,455.92,94,78268,74
1788594944,448.12,49,78268,74
1788594949,454.63,93,78268,75
1788594954,432.38,93,78268,74
1788594959,468.18,92,78268,75
1788594964,445.85,92,78270,74
1788594969,443.42,92,78270,75
1788594974,456.75,92,78270,75
1788594979,435.30,94,78270,74
1788594984,456.46,93,78270,74
1788594989,445.91,93,78270,74
1788594994,468.17,92,78270,74
1788594999,445.05,93,78270,75
1788595004,446.93,92,78274,74
1788595009,467.88,92,78274,75
1788595015,440.45,90,78274,75
1788595020,433.96,95,78274,74
1788595025,456.45,92,78274,74
1788595030,439.36,49,78274,72
1788595035,445.10,97,78274,73
1788595040,452.76,65,78274,72
1788595045,449.10,92,78274,74
1788595050,461.17,93,78274,75
1788595055,451.91,92,78274,74
1788595060,465.86,92,78274,75
1788595065,470.57,92,78274,74
1788595070,459.22,92,78274,75
1788595075,438.07,93,78274,74
1788595080,453.88,70,78274,71
1788595085,456.39,93,78274,74
1788595090,467.07,93,78274,74
1788595095,462.95,92,78274,75
1788595100,466.49,90,78274,75
1788595105,462.90,93,78274,76
1788595110,447.64,94,78274,75
1788595115,445.21,60,78274,70
1788595120,454.58,63,78274,70
1788595125,470.33,92,78274,74
1788595130,459.73,93,78274,75
1788595135,459.61,54,78274,73
1788595140,466.81,92,78274,75
1788595145,442.62,93,78274,75
1788595150,462.70,92,78274,74
1788595155,446.48,81,78274,74
1788595160,454.00,92,78274,74
1788595165,453.03,93,78274,75
1788595170,464.42,92,78274,75
1788595175,454.77,93,78274,74
1788595180,443.70,93,78338,74
1788595185,420.29,81,78338,75
1788595190,439.97,92,78338,74
1788595196,460.49,92,78338,74
1788595201,456.93,93,78338,74
1788595206,425.36,58,78338,70
1788595211,433.44,61,78338,75
1788595216,447.97,92,78338,74
1788595221,461.46,92,78338,74
1788595226,456.19,92,78338,74
1788595231,459.86,93,78338,75
1788595236,444.02,93,78338,73
1788595241,451.16,93,78338,74
1788595246,454.24,92,78338,74
1788595251,453.40,61,78338,75
1788595256,458.04,93,78338,74
1788595261,461.60,93,78338,75
1788595266,466.59,92,78338,75
1788595271,458.44,94,78338,75
1788595276,445.38,82,78338,74
1788595281,455.04,91,78338,74
1788595286,457.36,93,78338,74
1788595291,459.85,93,78338,74
1788595296,455.58,92,78338,74
1788595301,448.14,93,78338,74
1788595306,456.84,93,78338,74
1788595311,448.97,92,78338,74
1788595316,450.31,80,78338,75
1788595321,441.87,92,78338,74
1788595326,437.07,92,78338,74
1788595331,455.62,94,78338,74
1788595336,452.55,92,78338,73
1788595341,458.93,92,78338,74
1788595346,457.32,93,78338,74
1788595351,450.01,92,78338,74
1788595356,467.85,92,78338,74
1788595361,455.62,93,78338,74
1788595366,456.10,93,78338,74
1788595372,448.00,92,78338,74
1788595377,448.74,94,78338,74
1788595382,447.20,93,78338,74
1788595387,464.96,92,78338,74
1788595392,467.63,93,78338,74
1788595397,462.14,93,78338,75
1788595402,464.67,91,78338,74
1788595407,449.13,56,78338,70
1788595412,451.93,93,78338,75
1788595417,463.83,93,78338,75
1788595422,431.83,93,78338,74
1788595427,450.73,67,78338,75
1788595432,457.24,93,78338,73
1788595437,454.49,93,78338,74
1788595442,433.28,92,78338,74
1788595447,435.52,94,78338,74
1788595452,448.81,69,78338,72
1788595457,451.68,88,78338,74
1788595462,453.71,80,78338,74
1788595467,437.11,56,78338,70
1788595472,437.17,92,78338,74
1788595477,460.90,72,78338,75
1788595482,443.41,92,78338,74
1788595487,440.83,93,78338,75
1788595492,422.05,94,78338,75
1788595497,465.71,84,78338,75
1788595502,456.55,95,78338,74
1788595507,456.17,93,78338,74
1788595512,444.79,93,78338,74
1788595517,469.03,92,78338,74
1788595522,443.03,92,78338,74
1788595527,434.18,93,78338,74
1788595532,452.30,93,78338,75
1788595537,456.73,93,78338,74
1788595542,444.38,92,78338,74
1788595547,450.67,94,78338,75
1788595553,434.12,77,78338,75
1788595558,466.52,92,78338,75
1788595563,442.14,92,78338,74
1788595568,452.95,92,78338,74
1788595573,455.59,93,78338,74
1788595578,444.79,63,78338,71
1788595583,454.48,90,78338,74
1788595588,441.45,94,78338,74
1788595593,461.09,89,78338,76
1788595598,455.31,78,78338,76
1788595603,429.21,90,78338,75
1788595608,466.46,92,78338,75
1788595613,442.40,68,78338,75
1788595618,430.79,72,78338,72
1788595623,446.12,92,78338,74
1788595628,455.30,92,78338,75
1788595633,459.14,98,78338,77
1788595638,456.69,63,78338,74
1788595643,448.29,95,78338,73
1788595648,452.14,92,78338,74
1788595653,447.14,93,78338,74
1788595658,463.67,92,78338,75
1788595663,440.64,92,78338,74
1788595668,447.75,92,78338,75
1788595673,447.83,67,78338,70
1788595678,463.38,93,78338,75
1788595683,448.87,93,78338,74
1788595688,457.15,93,78338,74
1788595693,462.85,93,78338,74
1788595698,490.01,93,78338,75
1788595703,458.79,86,78338,76
1788595708,453.97,93,78338,74
1788595713,457.26,93,78338,75
1788595718,463.31,93,78338,75
1788595723,445.93,93,78338,74
1788595729,462.23,92,78338,75
1788595734,442.63,92,78338,75
1788595739,452.90,92,78338,75
1788595744,466.10,93,78338,74
1788595749,467.21,92,78338,75
1788595754,441.46,94,78338,74
1788595759,452.96,92,78338,75
1788595764,453.98,92,78338,75
1788595769,466.90,93,78338,74
1788595774,451.99,94,78338,74
1788595779,481.67,61,78338,71
1788595784,439.29,94,78338,74
1788595789,451.41,93,78338,74
1788595794,458.29,92,78338,75
1788595799,440.67,92,78338,75
1788595804,457.29,94,78338,74
1788595809,456.80,92,78338,75
1788595814,425.70,54,78338,72
1788595819,437.21,92,78338,74
1788595824,458.09,92,78338,74
1788595829,429.10,55,78338,70
1788595834,456.21,93,78338,75
1788595839,473.86,92,78338,75
1788595844,451.58,93,78338,75
1788595849,452.32,92,78338,75
1788595854,428.85,94,78338,74
1788595859,464.27,93,78338,75
1788595864,468.08,92,78338,75
1788595869,439.47,94,78338,74
1788595874,457.98,94,78338,75
1788595879,459.01,93,78338,75
1788595884,456.08,93,78338,75
1788595889,455.67,67,78338,71
1788595894,441.85,94,78338,74
1788595899,425.37,56,78338,75
1788595904,457.60,93,78338,75
1788595910,444.59,92,78338,75
1788595915,459.46,94,78338,74
1788595920,432.70,91,78338,74
1788595925,456.85,94,78338,74
1788595930,437.01,75,78338,72
1788595935,464.28,92,78338,75
1788595940,456.72,92,78338,75
1788595945,462.50,92,78338,75
1788595950,453.52,92,78338,75
1788595955,460.34,92,78338,74
1788595960,449.23,54,78338,74
1788595965,460.78,98,78338,72
1788595970,452.02,93,78338,75
1788595975,449.62,91,78338,75
1788595980,441.38,94,78338,74
1788595985,441.36,91,78338,75
1788595990,463.77,93,78338,75
1788595995,465.68,92,78338,74
1788596000,122.75,0,78338,65
1788596005,67.64,0,2,60
1788596010,28.60,0,2,57
1788596015,25.71,0,2,55
1788596020,17.80,0,2,52
1788596025,17.95,0,4,51
1788596030,17.29,0,4,49
1788596035,17.32,0,4,48
1788596040,17.06,0,4,47
1788596045,16.25,0,4,46
1788596050,16.14,0,4,45
1788596055,16.24,0,4,44
1788596061,16.21,0,4,43
1788596066,105.86,2,75318,45
1788596071,105.57,2,76099,45
1788596076,105.32,2,76099,45
1788596081,105.26,2,76099,45
1788596086,104.95,2,76099,45
1788596091,105.32,2,76099,45
1788596096,103.18,2,76099,44
1788596101,105.25,2,76099,44
1788596106,105.50,2,76099,44
1788596111,104.97,2,76099,44
1788596116,104.59,2,76099,44
1788596121,104.12,2,76099,44
1788596126,104.94,2,76099,44
1788596131,104.65,4,84085,43
1788596136,83.63,0,84085,43
1788596141,83.38,0,84085,43
1788596146,83.59,0,84085,42
1788596151,74.14,0,84085,41
1788596156,37.56,0,87285,41
1788596161,84.00,0,80783,41
1788596166,83.90,0,80783,41
1788596171,83.70,0,82749,41
1788596176,132.05,0,83971,45
1788596181,84.55,0,83971,43
1788596186,151.53,52,83971,45
1788596191,166.11,21,81839,45
1788596196,119.47,0,82047,43
1788596201,129.29,46,82047,49
1788596206,149.95,0,82047,43
1788596211,143.64,0,82047,44
1788596216,115.31,0,82047,43
1788596221,83.95,0,82047,43
1788596226,206.87,90,82305,47
1788596231,158.58,71,82305,47
1788596236,153.90,46,82305,45
1788596241,187.22,43,82307,46
1788596246,125.98,0,82307,44
1788596251,161.59,0,82309,45
1788596257,162.07,0,82311,45
1788596262,205.01,0,83109,46
1788596267,88.85,2,88975,44
1788596272,288.90,86,92051,55
1788596277,107.71,0,93835,49
1788596282,484.56,100,93835,59
1788596287,282.98,68,90253,56
1788596292,264.18,62,90367,55
1788596297,123.07,0,90503,50
1788596302,97.21,0,90953,48
1788596307,111.13,0,91165,48
1788596312,92.64,0,91399,47
1788596317,85.33,0,91399,46
1788596322,85.27,0,91399,45
1788596327,85.12,0,91399,45
1788596332,51.99,0,91399,43
1788596337,15.40,0,91399,42
1788596342,15.18,0,91399,41
1788596347,15.09,0,91399,41
1788596352,15.11,0,91399,40
1788596357,170.97,0,91527,43
1788596362,237.43,45,91527,47
1788596367,84.86,0,91527,43
1788596372,84.44,0,91527,42
1788596377,83.00,0,91527,42
1788596382,67.28,0,91527,41
1788596387,16.81,0,91527,40
1788596392,15.11,0,91527,39
1788596397,14.92,0,91527,39
1788596402,14.75,0,91527,38
1788596407,14.75,0,91527,38
1788596412,14.32,0,91527,37
1788596417,14.29,0,91527,37
1788596422,14.14,0,91527,37
1788596427,14.44,0,91527,37
1788596433,14.26,0,91527,36
1788596438,14.41,0,91527,36
1788596443,14.53,0,91527,36
1788596448,14.01,0,91527,36
1788596453,14.20,0,91527,35
1788596458,13.45,0,91527,35
1788596463,13.88,0,91527,35
1788596468,13.52,0,91527,35
1788596473,13.52,0,91527,35
1788596478,13.96,0,91527,35
1788596483,13.57,0,91527,35
1788596488,73.83,0,2,35
1788596493,17.37,0,4,35
1788596498,14.26,0,4,35
1788596503,13.99,0,4,34
1788596508,14.46,0,4,34
1788596513,14.50,0,4,34
1788596518,84.91,3,22666,36
1788596523,85.20,4,22666,36
1788596528,83.95,3,22666,36
1788596533,97.60,6,22906,37
1788596538,80.75,1,28406,37
1788596543,113.87,10,86250,38
1788596548,98.79,0,86196,38
1788596553,80.30,0,86196,38
1788596558,134.10,0,87354,39
1788596563,434.77,100,89770,50
1788596568,431.25,98,89806,49
1788596573,487.89,90,89870,57
1788596579,289.62,56,90064,54
1788596584,173.10,15,90322,48
1788596589,132.78,1,90558,46
1788596594,99.53,0,88876,45
1788596599,85.90,0,89874,44
1788596604,83.87,0,90176,44
1788596609,84.24,0,90176,43
1788596614,197.13,0,90318,45
1788596619,443.53,97,90318,54
1788596624,447.38,98,90318,56
1788596629,452.19,98,90318,58
1788596634,450.16,98,90318,59
1788596639,451.66,96,90318,63
1788596644,464.27,98,90318,62
1788596649,459.26,98,90318,63
1788596654,460.99,98,90318,64
1788596659,466.57,98,90318,65
1788596664,471.96,98,90318,66
1788596669,464.93,98,90318,67
1788596674,467.03,98,90318,67
1788596679,495.59,100,90778,75
1788596684,464.66,98,90918,69
1788596689,473.01,98,90918,69
1788596694,477.27,98,91520,69
1788596699,473.58,98,91520,70
1788596704,473.44,98,91520,70
1788596709,476.80,98,91520,70
1788596714,471.01,98,91520,71
1788596719,477.17,98,91520,71
1788596724,484.45,98,91520,71
1788596729,484.68,98,91520,72
1788596734,481.56,98,91520,72
1788596740,475.27,98,91520,72
1788596745,477.62,98,91520,72
1788596750,478.64,98,91520,73
1788596755,479.95,98,91520,73
1788596760,478.50,98,91520,73
1788596765,490.71,95,91520,74
1788596770,479.98,98,91520,73
1788596775,477.86,98,91520,73
1788596780,477.16,98,91520,73
1788596785,478.11,98,91520,74
1788596790,482.08,98,91520,74
1788596795,480.68,98,91520,74
1788596800,493.86,96,91627,75
1788596805,504.65,96,91629,75
1788596810,499.50,96,91629,75
1788596815,491.38,98,91629,75
1788596820,487.36,98,91629,75
1788596825,491.34,98,91629,75
1788596830,482.47,98,91629,75
1788596835,483.04,98,91629,75
1788596840,483.85,98,91629,75
1788596845,479.43,98,91629,75
1788596850,487.90,98,91629,75
1788596855,481.74,98,91629,75
1788596860,476.23,98,91629,75
1788596865,483.69,98,91629,75
1788596870,490.04,98,91649,75
1788596875,482.00,98,91649,75
1788596880,484.31,98,91649,75
1788596885,484.27,98,91649,75
1788596890,485.02,98,91649,75
1788596896,485.16,98,91649,75
1788596901,490.25,98,91649,75
1788596906,482.59,98,91649,75
1788596911,482.72,98,91649,75
1788596916,513.79,98,91649,75
1788596921,453.94,98,91649,75
1788596926,483.91,98,91649,75
1788596931,484.02,96,91649,75
1788596936,485.10,98,91649,75
1788596941,483.17,98,91649,75
1788596946,483.58,98,91649,75
1788596951,489.22,98,91649,75
1788596956,489.95,98,91649,75
1788596961,484.99,98,91649,75
1788596966,482.00,86,91649,74
1788596971,484.43,98,91649,75
1788596976,484.18,95,91649,75
1788596981,485.80,98,91649,75
1788596986,490.43,95,91649,76
1788596991,490.57,93,91649,78
1788596996,485.70,98,91649,75
1788597001,486.89,98,91649,75
1788597006,486.16,95,91649,77
1788597011,489.46,98,91649,76
1788597016,484.23,98,91649,75
1788597021,483.43,98,91649,75
1788597026,489.61,98,91649,75
1788597031,487.84,98,91649,75
1788597036,491.05,98,91649,75
1788597041,495.13,98,91649,76
1788597047,491.33,98,91649,75
1788597052,500.26,98,91649,75
1788597057,492.61,95,91649,77
1788597062,491.96,98,91649,76
1788597067,486.24,95,91649,76
1788597072,485.47,98,91649,75
1788597077,489.48,98,91649,75
1788597082,486.73,98,91649,75
1788597087,486.23,98,91649,75
1788597092,484.15,98,91649,75
1788597097,483.87,98,91649,75
1788597102,484.31,98,91649,75
1788597107,485.22,98,91649,75
1788597112,485.24,98,91649,75
1788597117,485.61,98,91649,75
1788597122,485.44,98,91649,75
1788597127,488.42,96,91649,77
1788597132,489.65,91,91649,77
1788597137,482.84,98,91649,75
1788597142,483.66,98,91649,75
1788597147,486.18,98,91649,75
1788597152,486.61,98,91649,75
1788597157,482.20,98,91649,75
1788597162,481.63,98,91649,75
1788597167,488.71,98,91649,75
1788597172,490.05,98,91649,75
1788597177,485.18,98,91649,75
1788597182,485.41,98,91649,75
1788597187,530.15,98,91649,76
1788597192,457.62,98,91649,75
1788597198,484.40,98,91649,75
1788597203,486.39,95,91649,75
1788597208,487.03,98,91649,75
1788597213,482.69,98,91649,75
1788597218,487.48,98,91649,75
1788597223,484.58,98,91649,75
1788597228,491.53,98,91649,75
1788597233,494.50,98,91649,75
1788597238,489.06,98,91649,75
1788597243,483.50,98,91649,75
1788597248,488.38,98,91649,75
1788597253,485.07,98,91649,75
1788597258,490.23,98,91649,75
1788597263,485.24,98,91649,75
1788597268,486.23,98,91649,75
1788597273,487.33,98,91649,75
1788597278,485.36,91,91649,78
1788597283,493.74,98,91649,75
1788597288,488.28,98,91649,75
1788597293,486.55,98,91649,75
1788597298,485.58,96,91649,76
1788597303,492.84,98,91649,75
1788597308,492.45,98,91649,76
1788597313,492.89,98,91649,76
1788597318,484.49,98,91649,75
1788597323,485.11,98,91649,75
1788597328,486.32,98,91649,75
1788597333,493.89,98,91649,76
1788597338,486.45,98,91649,75
1788597343,484.32,98,91649,75
1788597349,486.71,95,91649,75
1788597354,487.73,98,91649,75
1788597359,488.36,97,91649,75
1788597364,508.06,98,91649,76
1788597369,508.89,98,92009,77
1788597374,489.89,98,92009,76
1788597379,484.42,92,92009,76
1788597384,485.46,98,92009,76
1788597389,483.81,91,92009,76
1788597394,484.60,98,92009,75
1788597399,484.80,98,92009,75
1788597404,490.89,98,92009,75
1788597409,482.41,98,92009,75
1788597414,485.39,98,92009,75
1788597419,481.77,98,92009,75
1788597424,481.72,98,92009,75
1788597429,487.48,98,92009,75
1788597434,486.86,98,92009,75
1788597439,483.14,98,92009,75
1788597444,485.67,98,92009,75
1788597449,484.73,98,92009,75
1788597454,487.72,98,92009,75
1788597459,484.56,98,92009,75
1788597464,486.76,92,92009,79
1788597469,485.12,95,92009,76
1788597474,484.18,98,92009,75
1788597479,483.08,98,92009,75
1788597484,482.59,98,92009,75
1788597489,486.00,98,92009,75
1788597494,483.11,98,92009,75
1788597500,487.24,98,92009,75
1788597505,490.97,97,92009,75
1788597510,496.03,98,92009,75
1788597515,486.45,98,92009,75
1788597520,490.57,98,92009,75
1788597525,483.18,98,92009,75
1788597530,488.86,98,92009,75
1788597535,484.49,98,92009,75
1788597540,485.10,98,92009,75
1788597545,504.78,97,92009,80
1788597550,483.79,98,92009,75
1788597555,486.08,98,92009,75
1788597560,493.54,96,92009,78
1788597565,485.86,98,92009,75
1788597570,484.92,98,92009,75
1788597575,489.21,98,92009,75
1788597580,485.46,98,92009,75
1788597585,483.21,98,92009,75
1788597590,484.89,98,92009,75
1788597595,480.50,98,92009,75
1788597600,486.52,98,92009,75
1788597605,485.98,98,92009,75
1788597610,489.61,98,92009,75
1788597615,484.12,98,92009,75
1788597620,484.05,98,92009,75
1788597625,489.11,98,92009,75
1788597630,484.42,98,92009,75
1788597635,484.31,98,92009,75
1788597640,488.88,98,92009,75
1788597645,472.55,98,92009,75
1788597651,474.87,98,92009,75
1788597656,478.12,97,92009,75
1788597661,485.28,98,92009,75
1788597666,484.63,98,92009,75
1788597671,482.67,86,92009,76
1788597676,489.39,98,92009,75
1788597681,486.24,98,92009,75
1788597686,484.07,98,92009,75
1788597691,484.82,98,92009,75
1788597696,489.94,98,92009,79
1788597701,484.01,98,92009,75
1788597706,483.05,98,92009,75
1788597711,483.74,98,92009,75
1788597716,483.05,98,92009,75
1788597721,489.68,96,92009,79
1788597726,484.16,98,92009,75
1788597731,494.62,96,92009,78
1788597736,487.40,98,92009,75
1788597741,485.61,98,92009,75
1788597746,486.19,98,92009,75
1788597751,491.97,98,92009,76
1788597756,494.17,98,92009,76
1788597761,485.60,98,92009,76
1788597766,501.92,95,92009,76
1788597771,485.08,98,92009,75
1788597776,485.21,98,92009,76
1788597781,487.40,98,92009,76
1788597786,486.70,98,92009,75
1788597791,486.82,98,92009,76
1788597796,490.07,98,92009,75
1788597801,487.83,98,92009,75
1788597807,490.02,98,92009,76
1788597812,485.80,98,92009,76
1788597817,490.18,98,92009,76
1788597822,483.52,98,92009,75
1788597827,485.94,98,92009,75
1788597832,482.82,98,92009,75
1788597837,484.92,98,92009,75
1788597842,483.76,98,92009,75
1788597847,487.85,96,92009,79
1788597852,488.03,98,92009,75
1788597857,481.87,98,92009,75
1788597862,483.33,98,92009,75
1788597867,477.09,98,92009,76
1788597872,482.83,98,92009,75
1788597877,484.98,98,92009,76
1788597882,486.89,98,92009,75
1788597887,490.55,98,92009,75
1788597892,486.18,98,92009,75
1788597897,485.18,91,92009,75
1788597902,482.84,98,92009,75
1788597907,485.24,98,92009,76
1788597912,482.91,98,92009,75
1788597917,483.33,98,92009,75
1788597922,488.01,98,92009,76
1788597927,482.68,98,92009,75
1788597932,483.84,98,92009,75
1788597937,485.38,98,92009,76
1788597942,484.82,98,92009,75
1788597947,489.92,98,92009,76
1788597953,485.03,98,92009,75
1788597958,484.02,95,92009,76
1788597963,486.10,98,92009,76
1788597968,486.65,98,92009,76
1788597973,488.86,98,92009,76
1788597978,493.73,98,92009,76
1788597983,501.58,98,92009,76
1788597988,484.34,98,92009,76
1788597993,498.17,98,92009,76
1788597998,485.93,98,92009,76
1788598003,489.47,98,92009,76
1788598008,485.89,98,92009,76
1788598013,486.75,98,92009,76
1788598018,487.28,98,92009,76
1788598023,483.47,98,92009,76
1788598028,484.10,98,92009,76
1788598033,484.07,98,92009,76
1788598038,485.69,98,92009,76
1788598043,485.50,93,92009,77
1788598048,488.58,98,92009,76
1788598053,490.52,98,92009,76
1788598058,489.44,96,92009,76
1788598063,482.69,97,92009,76
1788598068,490.53,98,92009,76
1788598073,485.26,98,92009,76
1788598078,484.65,98,92009,76
1788598083,485.87,98,92009,76
1788598088,488.76,98,92009,76
1788598093,491.09,98,92009,76
1788598098,483.04,95,92009,75
1788598104,482.50,98,92009,76
1788598109,483.03,98,92009,76
1788598114,471.12,98,92009,76
1788598119,489.64,98,92009,76
1788598124,486.09,98,92009,76
1788598129,485.65,98,92009,76
1788598134,485.61,90,92009,74
1788598139,483.67,98,92009,76
1788598144,482.54,98,92009,76
1788598149,484.91,98,92009,76
1788598154,486.52,98,92009,76
1788598159,494.89,98,92009,76
1788598164,492.25,98,92009,76
1788598169,486.11,98,92009,76
1788598174,484.92,98,92009,75
1788598179,491.58,98,92009,76
1788598184,486.16,98,92009,76
1788598189,490.38,95,92009,76
1788598194,489.81,98,92009,76
1788598199,486.42,98,92009,76
1788598204,486.81,98,92009,76
1788598209,485.54,98,92009,75
1788598214,488.84,98,92009,76
1788598219,485.85,98,92009,75
1788598224,483.98,98,92009,76
1788598229,488.77,98,92009,76
1788598234,489.02,98,92009,76
1788598239,484.89,98,92009,76
1788598244,485.49,98,92009,75
1788598249,508.35,96,92009,77
1788598254,495.25,98,92009,76
1788598260,497.10,98,92009,76
1788598265,487.59,98,92009,76
1788598270,504.22,95,92009,76
1788598275,485.10,98,92009,75
1788598280,486.16,98,92009,75
1788598285,487.03,98,92009,76
1788598290,491.11,98,92009,76
1788598295,484.84,98,92009,76
1788598300,490.26,98,92009,76
1788598305,487.27,96,92009,78
1788598310,482.51,98,92009,76
1788598315,492.25,98,92009,75
1788598320,491.54,98,92009,76
1788598325,490.03,98,92009,76
1788598330,484.34,98,92009,76
1788598335,483.95,98,92009,75
1788598340,485.83,98,92009,75
1788598345,485.84,98,92009,76
1788598350,481.64,98,92009,75
1788598355,481.61,86,92009,75
1788598360,475.90,73,92009,73
1788598365,485.92,95,92009,76
1788598370,480.43,95,92009,75
1788598375,485.63,98,92009,75
1788598380,483.19,98,92009,75
1788598385,488.58,98,92009,75
1788598390,485.24,98,92009,75
1788598395,485.87,98,92009,75
1788598400,486.15,98,92009,75
1788598405,482.96,88,92009,75
1788598411,484.84,98,92009,75
1788598416,485.21,98,92009,75
1788598421,488.40,98,92009,75
1788598426,481.71,98,92009,75
1788598431,486.21,98,92009,75
1788598436,487.26,98,92009,75
1788598441,487.27,98,92009,76
1788598446,485.40,95,92009,77
1788598451,492.82,98,92009,75
1788598456,485.05,98,92009,75
1788598461,491.20,98,92009,75
1788598466,486.28,98,92009,75
1788598471,486.45,98,92009,75
1788598476,486.31,98,92009,75
1788598481,493.54,98,92009,75
1788598486,490.46,98,92009,76
1788598491,487.13,98,92009,76
1788598496,496.62,98,92009,76
1788598501,485.45,98,92009,76
1788598506,501.45,96,92009,75
1788598511,485.34,98,92009,76
1788598516,488.50,98,92009,76
1788598521,484.88,98,92009,75
1788598526,120.99,0,92009,66
1788598531,98.04,0,92009,62
1788598536,96.97,0,92009,60
1788598541,95.60,0,92009,58
1788598546,22.83,0,92009,55
1788598551,17.50,0,92009,53
1788598556,266.56,0,92009,56
1788598561,90.01,0,92009,53
1788598567,89.18,0,92009,52
1788598572,89.06,0,92009,51
1788598577,37.05,0,92009,49
1788598582,600.36,98,92009,69
1788598587,600.00,100,92011,71
1788598592,595.12,98,92011,70
1788598597,593.88,98,92011,75
1788598602,600.25,100,92011,76
1788598607,510.76,98,92013,72
1788598612,96.53,0,92013,60
1788598617,457.53,95,92015,67
1788598622,460.41,96,92015,68
1788598627,462.21,95,92015,69
1788598632,114.50,0,92015,60
1788598637,600.04,100,92035,75
1788598642,601.00,100,92035,78
1788598647,586.10,97,92035,78
1788598652,603.84,100,92035,78
1788598657,601.57,100,92035,80
1788598662,599.32,100,92037,82
1788598667,599.68,100,92037,83
1788598672,600.02,100,92037,82
1788598677,595.60,98,92037,80
1788598682,600.77,100,92037,83
1788598687,599.93,100,92039,84
1788598692,576.09,98,92039,80
1788598697,577.00,98,92039,77
1788598702,493.55,98,92039,77
1788598707,573.68,100,92039,83
1788598712,493.60,98,92039,77
1788598717,499.38,100,92039,82
1788598722,483.82,98,92039,76
1788598728,488.42,98,92039,76
1788598733,587.85,100,92041,82
1788598738,493.92,98,92041,77
1788598743,489.57,82,92041,75
1788598748,561.92,98,92041,77
1788598753,493.83,98,92041,77
1788598758,553.23,100,92041,81
1788598763,570.72,98,92041,77
1788598768,490.75,98,92041,77
1788598773,494.54,98,92041,77
1788598778,482.46,64,92041,75
1788598783,493.85,98,92041,77
1788598788,479.97,75,92041,82
1788598793,566.82,97,92041,83
1788598798,553.81,98,92041,77
1788598803,481.61,98,92041,77
1788598808,550.59,100,92041,82
1788598813,493.95,98,92041,77
1788598818,494.49,98,92041,77
1788598823,494.23,98,92041,77
1788598828,496.29,86,92041,81
1788598833,535.57,98,92041,78
1788598838,541.11,100,92041,83
1788598843,477.96,98,92041,77
1788598848,477.99,98,92041,77
1788598853,494.60,98,92041,77
1788598858,495.45,98,92041,77
1788598863,554.61,98,92041,78
1788598868,495.97,98,92041,78
1788598873,486.46,98,92041,77
1788598879,494.11,98,92041,77
1788598884,539.85,100,92041,82
1788598889,492.53,98,92041,77
1788598894,480.15,68,92041,79
1788598899,493.98,98,92041,77
1788598904,491.02,98,92041,77
1788598909,477.64,98,92041,77
1788598914,493.12,98,92041,77
1788598919,538.15,98,92041,77
1788598924,492.61,98,92041,77
1788598929,523.87,98,92041,77
1788598934,492.83,97,92041,77
1788598939,489.69,98,92041,77
1788598944,488.15,98,92041,77
1788598949,491.19,98,92041,77
1788598954,492.14,98,92041,77
1788598959,530.72,98,92041,77
1788598964,491.20,98,92041,77
1788598969,493.63,98,92041,77
1788598974,556.93,100,92041,81
1788598979,497.48,79,92041,82
1788598984,490.38,98,92041,77
1788598989,485.33,98,92041,77
1788598994,574.08,98,92041,77
1788598999,491.82,98,92041,77
1788599004,492.65,98,92041,77
1788599009,487.05,98,92041,77
1788599014,492.11,98,92041,76
1788599019,492.68,98,92041,76
1788599024,522.68,100,92041,82
1788599030,482.50,98,92041,76
1788599035,524.22,100,92041,83
1788599040,490.20,98,92041,77
1788599045,492.86,98,92041,77
1788599050,493.62,98,92041,77
1788599055,491.34,98,92041,77
1788599060,584.30,100,92041,83
1788599065,530.29,100,92041,82
1788599070,493.28,98,92041,77
1788599075,493.53,98,92041,77
1788599080,546.54,98,92041,78
1788599085,481.66,98,92041,77
1788599090,492.51,98,92041,77
1788599095,493.24,98,92041,77
1788599100,592.68,100,92041,83
1788599105,493.80,98,92041,77
1788599110,494.44,98,92041,77
1788599115,493.74,98,92041,77
1788599120,495.64,98,92041,78
1788599125,491.37,98,92041,78
1788599130,492.75,98,92041,77
1788599135,494.96,98,92041,77
1788599140,489.00,76,92041,76
1788599145,493.85,97,92041,77
1788599150,487.48,98,92041,77
1788599155,493.72,98,92041,77
1788599160,485.23,98,92041,77
1788599165,490.47,98,92041,77
1788599170,522.78,98,92041,77
1788599175,487.41,98,92041,76
1788599180,492.61,98,92041,77
1788599186,565.91,98,92041,77
1788599191,493.16,98,92041,77
1788599196,491.88,98,92041,77
1788599201,492.77,98,92041,77
1788599206,491.93,98,92041,76
1788599211,451.64,79,92041,82
1788599216,567.76,100,92041,82
1788599221,575.97,100,92041,83
1788599226,531.54,100,92041,83
1788599231,601.81,100,92041,83
1788599236,493.32,98,92041,78
1788599241,495.68,98,92041,78
1788599246,482.39,98,92041,78
1788599251,599.96,100,92041,84
1788599256,569.77,100,92041,84
1788599261,547.58,100,92041,83
1788599266,592.27,98,92041,80
1788599271,496.33,98,92041,79
1788599276,483.55,98,92041,78
1788599281,568.94,100,92041,84
1788599286,577.23,100,92041,85
1788599291,560.09,100,92041,84
1788599296,593.54,100,92041,85
1788599301,480.25,98,92041,78
1788599306,496.13,98,92041,78
1788599311,460.96,98,92041,79
1788599316,600.38,100,92041,85
1788599321,494.78,98,92041,78
1788599326,600.23,100,92041,85
1788599331,525.22,98,92041,79
1788599336,494.35,98,92041,78
1788599342,598.93,100,92041,85
1788599347,477.21,41,92041,74
1788599352,482.46,98,92041,78
1788599357,480.67,98,92041,78
1788599362,499.66,98,92041,79
1788599367,577.08,98,92041,79
1788599372,545.66,98,92041,79
1788599377,520.08,98,92041,79
1788599382,474.40,34,92041,80
1788599387,494.92,98,92041,78
1788599392,495.50,98,92041,78
1788599397,577.07,98,92041,79
1788599402,599.44,98,92041,84
1788599407,600.04,100,92041,85
1788599412,600.54,100,92041,86
1788599417,599.78,100,92041,86
1788599422,463.52,98,92041,78
1788599427,606.28,100,92041,84
1788599432,600.41,100,92041,84
1788599437,562.00,98,92041,85
1788599442,497.90,98,92041,78
1788599447,474.35,36,92041,74
1788599452,576.46,100,92041,85
1788599457,575.83,98,92041,80
1788599462,473.64,98,92041,78
1788599467,495.04,98,92041,78
1788599472,533.34,100,92041,83
1788599477,494.41,98,92041,78
1788599482,493.93,98,92041,78
1788599487,600.23,100,92041,84
1788599492,476.34,98,92041,77
1788599497,494.47,98,92041,78
1788599503,604.21,100,92041,83
1788599508,452.92,98,92041,77
1788599513,492.26,98,92041,77
1788599518,491.08,98,92041,77
1788599523,554.57,98,92041,78
1788599528,492.27,98,92041,77
1788599533,599.89,98,92041,85
1788599538,492.31,98,92041,77
1788599543,491.71,98,92041,77
1788599548,493.18,98,92041,77
1788599553,478.33,98,92041,77
1788599558,491.85,98,92041,77
1788599563,492.39,98,92041,77
1788599568,599.96,99,92041,84
1788599573,493.83,100,92041,82
1788599578,491.74,98,92041,77
1788599583,601.71,100,92041,84
1788599588,479.38,98,92041,77
1788599593,458.07,98,92041,77
1788599598,593.36,99,92041,80
1788599603,492.27,98,92041,78
1788599608,493.13,98,92041,78
1788599613,597.15,99,92041,81
1788599618,523.49,100,92041,82
1788599623,493.36,98,92041,78
1788599628,492.06,98,92041,77
1788599633,491.49,98,92041,77
1788599638,492.08,98,92041,77
1788599643,490.36,97,92041,77
1788599648,518.33,98,92041,77
1788599654,469.23,98,92041,77
1788599659,490.11,98,92041,77
1788599664,507.48,100,92041,83
1788599669,576.40,100,92041,83
1788599674,493.69,98,92041,77
1788599679,600.08,98,92041,85
1788599684,494.24,98,92041,78
1788599689,506.32,98,92041,78
1788599694,492.45,97,92041,77
1788599699,569.76,98,92041,78
1788599704,480.85,98,92041,78
1788599709,458.58,61,92041,78
1788599714,486.53,100,92041,83
1788599719,494.92,98,92041,78
1788599724,600.36,100,92041,84
1788599729,474.80,98,92041,78
1788599734,477.73,89,92041,78
1788599739,502.52,98,92041,77
1788599744,492.55,98,92041,77
1788599749,493.15,98,92041,78
1788599754,599.75,98,92041,83
1788599759,515.25,100,92041,83
1788599764,494.14,98,92041,78
1788599769,538.60,98,92041,78
1788599774,601.91,100,92041,84
1788599779,493.45,98,92041,78
1788599784,481.48,98,92041,78
1788599789,494.97,98,92041,78
1788599794,497.07,98,92041,78
1788599799,493.99,98,92041,78
1788599804,493.41,98,92041,77
1788599810,474.79,98,92041,77
1788599815,493.94,98,92041,78
1788599820,475.90,98,92041,77
1788599825,491.47,98,92041,77
1788599830,600.11,99,92041,84
1788599835,470.74,98,92041,77
1788599840,489.86,98,92041,77
1788599845,550.85,98,92041,77
1788599850,474.51,98,92041,77
1788599855,490.35,98,92041,76
1788599860,599.56,98,92041,83
1788599865,490.18,98,92041,77
1788599870,489.69,98,92041,77
1788599875,489.59,98,92041,77
1788599880,489.85,98,92041,76
1788599885,490.04,98,92041,76
1788599890,600.07,100,92041,82
1788599895,553.56,100,92041,84
1788599900,495.87,98,92041,78
1788599905,586.77,98,92041,80
1788599910,600.73,100,92041,82
1788599915,510.53,100,92041,83
1788599920,479.73,32,92041,74
1788599925,600.52,100,92041,84
1788599930,491.26,100,92041,83
1788599935,500.21,98,92041,79
1788599940,488.71,100,92041,82
1788599945,463.91,98,92041,78
1788599950,600.12,100,92041,85
1788599955,492.48,100,92041,83
1788599960,487.15,100,92041,83
1788599965,515.54,100,92041,83
1788599971,501.39,98,92041,79
1788599976,600.31,98,92041,87
1788599981,600.21,100,92041,84
1788599986,513.52,100,92041,84
1788599991,470.93,98,92041,79
1788599996,598.74,100,92041,87
1788600001,599.49,98,92041,84
1788600006,462.91,40,92041,75
1788600011,513.08,98,92041,80
1788600016,600.13,100,92041,86
1788600021,499.15,98,92041,79
1788600026,585.10,98,92041,81
1788600031,602.33,100,92041,85
1788600036,500.80,98,92041,79
1788600041,508.65,100,92041,84
1788600046,460.38,100,92043,85
1788600051,502.82,98,92043,80
1788600056,508.67,100,92043,84
1788600061,430.77,98,92043,79
1788600066,526.36,98,92043,80
1788600071,604.91,100,92043,85
1788600076,472.46,98,92043,79
1788600081,599.94,100,92043,85
1788600086,606.16,100,92043,85
1788600091,464.80,98,92043,79
1788600096,598.89,98,92043,85
1788600101,600.03,100,92043,85
1788600106,535.27,100,92043,85
1788600111,501.56,98,92043,80
1788600116,540.08,98,92043,83
1788600121,500.43,98,92043,79
1788600126,600.00,100,92043,85
1788600132,501.37,98,92043,79
1788600137,599.90,100,92043,86
1788600142,605.79,100,92043,85
1788600147,479.75,100,92043,85
1788600152,503.01,98,92043,80
1788600157,600.28,100,92043,85
1788600162,599.98,100,92043,87
1788600167,457.77,0,92043,73
1788600172,600.51,100,92043,86
1788600177,599.75,99,92043,85
1788600182,492.89,100,92043,85
1788600187,502.43,98,92043,80
1788600192,600.53,100,92043,86
1788600197,500.53,98,92043,79
1788600202,595.78,99,92043,82
1788600207,579.18,98,92043,81
1788600212,599.78,100,92043,86
1788600217,599.94,100,92043,87
1788600222,464.84,98,92043,79
1788600227,498.92,98,92043,79
1788600232,459.05,98,92043,78
1788600237,546.53,98,92043,79
1788600242,498.01,98,92043,78
1788600247,497.03,98,92043,78
1788600252,471.74,100,92043,83
1788600257,499.76,98,92043,79
1788600262,494.75,81,92043,75
1788600267,505.64,98,92043,78
1788600272,476.86,100,92043,82
1788600277,465.90,98,92043,78
1788600282,495.69,98,92043,77
1788600288,494.44,98,92043,77
1788600293,600.22,100,92043,85
1788600298,496.70,98,92043,78
1788600303,494.69,98,92043,77
1788600308,530.36,98,92043,78
1788600313,495.76,98,92043,78
1788600318,599.53,100,92043,85
1788600323,494.58,98,92043,78
1788600328,518.89,98,92043,79
1788600333,605.56,100,92043,84
1788600338,470.11,98,92043,78
1788600343,600.08,100,92043,85
1788600348,496.54,98,92043,78
1788600353,600.58,100,92043,84
1788600358,498.49,98,92043,78
1788600363,600.47,100,92043,85
1788600368,487.36,98,92043,78
1788600373,600.15,100,92043,84
1788600378,497.85,98,92043,78
1788600383,500.93,85,92043,79
1788600388,550.69,100,92043,84
1788600393,434.98,98,92043,78
1788600398,599.35,98,92043,86
1788600403,497.81,98,92043,79
1788600408,460.61,98,92043,78
1788600413,458.63,98,92043,77
1788600418,458.50,100,92043,80
1788600423,460.57,98,92043,77
1788600428,593.27,98,92043,80
1788600433,473.76,29,92043,72
1788600438,599.91,100,92043,84
1788600444,604.74,100,92043,83
1788600449,495.84,98,92043,78
1788600454,486.29,98,92043,78
1788600459,599.98,100,92043,86
1788600464,477.13,100,92043,83
1788600469,500.30,98,92043,79
1788600474,497.94,98,92043,78
1788600479,600.09,99,92043,85
1788600484,496.91,97,92043,78
1788600489,599.58,98,92043,85
1788600494,601.80,100,92043,84
1788600499,464.12,98,92043,79
1788600504,591.66,98,92043,81
1788600509,492.85,76,92043,76
1788600514,599.89,100,92043,84
1788600519,497.82,98,92043,78
1788600524,599.89,100,92043,86
1788600529,456.25,98,92043,78
1788600534,496.30,98,92043,78
1788600539,601.97,100,92043,83
1788600544,496.64,98,92043,78
1788600549,535.10,98,92043,79
1788600554,600.22,100,92043,85
1788600559,599.93,100,92043,86
1788600564,498.28,98,92043,78
1788600569,520.28,98,92043,79
1788600574,536.33,100,92043,82
1788600579,432.86,98,92043,79
1788600584,600.07,100,92043,85
1788600589,498.04,98,92043,79
1788600594,599.98,100,92043,85
1788600600,433.27,32,92043,78
1788600605,499.75,98,92043,79
1788600610,599.99,100,92043,85
1788600615,477.58,99,92043,81
1788600620,497.45,98,92043,78
1788600625,496.30,98,92043,74
1788600630,599.00,98,92043,85
1788600635,464.59,98,92043,78
1788600640,492.14,83,92043,78
1788600645,600.03,100,92043,84
1788600650,464.11,98,92043,77
1788600655,494.09,98,92043,77
1788600660,532.55,100,92043,83
1788600665,495.56,98,92043,78
1788600670,493.83,98,92043,77
1788600675,493.39,98,92043,77
1788600680,515.89,98,92043,78
1788600685,494.18,98,92043,77
1788600690,495.28,98,92043,77
1788600695,494.30,98,92043,77
1788600700,494.54,98,92043,77
1788600705,493.83,98,92043,77
1788600710,599.93,100,92043,84
1788600715,451.44,98,92043,78
1788600720,599.90,100,92043,85
1788600725,512.03,100,92043,83
1788600730,600.15,100,92043,86
1788600735,547.07,100,92043,84
1788600740,593.41,98,92043,81
1788600745,599.99,100,92043,84
1788600750,448.75,100,92043,81
1788600755,602.81,100,92043,85
1788600761,568.75,98,92043,80
1788600766,600.16,100,92043,85
1788600771,460.66,98,92043,79
1788600776,578.49,100,92043,85
1788600781,589.81,98,92043,81
1788600786,601.19,100,92043,85
1788600791,584.22,98,92043,81
1788600796,599.82,100,92043,85
1788600801,504.92,56,92043,77
1788600806,599.74,98,92043,88
1788600811,599.72,100,92043,88
1788600816,504.72,98,92043,80
1788600821,599.92,100,92043,86
1788600826,501.83,98,92043,80
1788600831,600.11,100,92043,88
1788600836,600.16,100,92043,86
1788600841,475.19,46,92043,81
1788600846,599.87,100,92043,87
1788600851,503.17,98,92043,80
1788600856,600.15,100,92043,87
1788600861,474.37,100,92043,85
1788600866,600.18,100,92043,86
1788600871,510.62,100,92043,85
1788600876,600.40,100,92043,88
1788600881,495.02,100,92043,84
1788600886,600.24,100,92043,86
1788600891,501.29,98,92043,79
1788600896,599.71,100,92043,87
1788600901,502.09,98,92043,79
1788600906,585.16,100,92043,85
1788600911,577.66,98,92043,81
1788600916,599.78,100,92043,87
1788600922,503.26,98,92043,80
1788600927,601.33,100,92043,86
1788600932,529.47,97,92043,85
1788600937,600.27,100,92043,86
1788600942,513.44,100,92043,84
1788600947,599.80,100,92043,88
1788600952,515.62,100,92043,84
1788600957,600.17,100,92043,87
1788600962,607.32,100,92043,86
1788600967,580.22,98,92043,81
1788600972,600.03,100,92043,84
1788600977,504.84,98,92043,80
1788600982,599.85,100,92043,88
1788600987,530.03,98,92043,86
1788600992,600.24,100,92043,87
1788600997,502.64,98,92043,80
1788601002,600.16,100,92043,86
1788601007,503.97,98,92043,80
1788601012,599.88,100,92043,86
1788601017,504.28,98,92043,80
1788601022,599.72,98,92043,88
1788601027,503.15,98,92043,80
1788601032,599.91,100,92043,86
1788601037,494.46,100,92043,85
1788601042,600.36,100,92043,88
1788601047,599.81,100,92043,85
1788601052,447.09,98,92043,80
1788601057,599.73,100,92043,86
1788601062,439.43,62,92043,82
1788601067,600.18,100,92043,86
1788601072,577.83,98,92043,81
1788601078,599.80,100,92043,88
1788601083,498.48,100,92043,83
1788601088,600.46,100,92043,88
1788601093,540.28,100,92043,85
1788601098,599.89,100,92043,88
1788601103,470.88,100,92043,83
1788601108,600.27,100,92043,88
1788601113,600.05,100,92043,86
1788601118,506.93,98,92043,80
1788601123,601.70,100,92043,88
1788601128,599.97,100,92043,86
1788601133,457.27,98,92043,81
1788601138,450.60,98,92043,79
1788601143,501.74,98,92043,79
1788601148,599.92,100,92043,84
1788601153,521.02,98,92043,80
1788601158,501.88,98,92043,79
1788601163,462.03,98,92043,78
1788601168,599.93,100,92043,84
1788601173,442.69,98,92043,79
1788601178,522.89,100,92043,83
1788601183,599.97,100,92043,87
1788601188,501.57,98,92043,78
1788601193,599.68,100,92043,85
1788601198,450.03,98,92043,79
1788601203,440.20,98,92043,78
1788601208,498.81,98,92043,78
1788601213,498.31,98,92043,78
1788601218,599.83,100,92043,85
1788601223,500.74,98,92043,78
1788601228,452.30,98,92043,78
1788601233,488.67,100,92043,83
1788601239,600.35,100,92043,85
1788601244,498.87,98,92043,78
1788601249,497.85,98,92043,78
1788601254,599.83,100,92043,86
1788601259,499.97,98,92043,78
1788601264,600.20,100,92043,84
1788601269,501.13,98,92043,79
1788601274,599.63,98,92043,86
1788601279,466.21,27,92043,79
1788601284,499.25,98,92043,78
1788601289,600.06,100,92043,85
1788601294,500.75,98,92043,79
1788601299,600.12,100,92043,85
1788601304,548.73,98,92043,80
1788601309,600.28,100,92043,86
1788601314,470.64,87,92043,79
1788601319,601.19,100,92043,85
1788601324,561.52,98,92043,80
1788601329,501.68,98,92043,79
1788601334,599.87,100,92043,87
1788601339,457.95,98,92043,79
1788601344,600.15,100,92043,86
1788601349,450.09,98,92043,79
1788601354,600.11,100,92043,86
1788601359,503.05,98,92043,80
1788601364,450.05,98,92043,78
1788601369,499.46,98,92043,78
1788601374,498.15,98,92043,78
1788601379,496.96,98,92043,78
1788601384,599.90,100,92043,84
1788601389,500.53,98,92043,78
1788601395,497.01,98,92043,77
1788601400,599.91,100,92043,85
1788601405,591.36,100,92043,84
1788601410,587.71,98,92043,81
1788601415,599.80,99,92043,85
1788601420,462.92,97,92043,79
1788601425,599.87,100,92043,86
1788601430,501.36,98,92043,79
1788601435,478.64,100,92043,83
1788601440,600.56,100,92043,85
1788601445,501.57,98,92043,79
1788601450,601.09,100,92043,86
1788601455,521.97,98,92043,80
1788601460,500.92,98,92043,79
1788601465,600.04,98,92043,85
1788601470,600.57,100,92043,84
1788601475,560.27,98,92043,81
1788601480,598.69,97,92043,85
1788601485,453.70,98,92043,80
1788601490,501.09,98,92043,79
1788601495,599.98,100,92043,85
1788601500,502.46,98,92043,79
1788601505,599.82,100,92043,87
1788601510,502.79,98,92043,79
1788601515,444.47,24,92043,78
1788601520,499.55,98,92043,78
1788601525,599.99,100,92043,86
1788601530,501.13,98,92043,79
1788601535,600.33,100,92043,86
1788601540,462.62,98,92043,79
1788601545,600.03,100,92043,84
1788601551,527.49,98,92043,83
1788601556,599.83,100,92043,86
1788601561,493.02,100,92043,84
1788601566,600.36,100,92043,86
1788601571,455.95,98,92043,79
1788601576,599.39,98,92043,84
1788601581,501.66,98,92043,79
1788601586,600.50,100,92043,86
1788601591,467.80,0,92043,74
1788601596,600.24,100,92043,87
1788601601,456.57,99,92043,79
1788601606,599.83,100,92043,86
1788601611,492.06,100,92043,83
1788601616,600.04,100,92043,88
1788601621,468.47,100,92043,80
1788601626,501.82,98,92043,79
1788601631,446.21,98,92043,78
1788601636,600.03,100,92043,83
1788601641,501.27,98,92043,79
1788601646,447.56,98,92043,78
1788601651,600.70,100,92043,83
1788601656,554.06,98,92043,79
1788601661,498.57,98,92043,78
1788601666,481.67,47,92043,73
1788601671,600.68,100,92043,85
1788601676,500.45,98,92043,78
1788601681,488.62,57,92043,74
1788601686,496.97,98,92043,77
1788601691,600.12,100,92043,84
1788601696,500.17,98,92043,78
1788601701,496.85,98,92043,78
1788601707,497.92,98,92043,78
1788601712,497.51,98,92043,77
1788601717,497.53,98,92043,77
1788601722,496.98,98,92043,77
1788601727,494.04,100,92043,84
1788601732,129.79,0,2,66
1788601737,61.11,0,2,61
1788601742,24.78,0,2,58
1788601747,19.12,0,2,56
1788601752,18.64,0,4,54
1788601757,24.39,0,4,53
1788601762,17.33,0,4,51
1788601767,19.96,0,4,50
1788601772,16.84,0,4,49
1788601777,17.14,0,4,48
1788601782,16.54,0,4,47
1788601787,17.38,0,4,46
1788601792,93.66,7,75318,47
1788601797,106.04,2,75318,47
1788601802,106.04,2,76099,47
1788601807,105.47,2,76099,47
1788601812,105.75,2,76099,47
1788601817,105.29,2,76099,46
1788601822,105.60,2,76099,46
1788601827,104.99,2,76099,46
1788601832,106.00,2,76099,46
1788601837,105.86,2,76099,46
1788601842,105.00,2,76099,46
1788601847,105.25,2,76099,45
1788601852,105.34,2,76099,45
1788601858,89.38,4,76099,45
1788601863,88.12,5,84085,45
1788601868,85.63,0,84085,44
1788601873,85.17,0,84085,44
1788601878,84.95,0,84085,44
1788601883,57.91,0,84085,42
1788601888,85.77,0,80783,43
1788601893,84.54,0,80783,43
1788601898,85.05,0,82749,43
1788601903,357.80,100,83969,60
1788601908,93.03,0,83971,44
1788601913,84.58,0,83971,44
1788601918,152.71,0,81263,45
1788601923,176.35,97,82047,50
1788601928,145.30,0,82047,45
1788601933,117.97,0,82047,45
1788601938,144.40,14,82047,46
1788601943,114.38,0,82047,44
1788601948,107.63,0,82047,44
1788601953,84.74,1,82047,44
1788601958,191.17,26,82305,47
1788601963,146.40,0,82305,46
1788601968,153.64,0,82307,46
1788601973,151.39,72,82307,47
1788601978,152.12,95,82307,48
1788601983,151.15,0,82309,46
1788601988,152.66,82,82311,48
1788601993,198.68,1,83285,47
1788601998,543.45,95,90725,57
1788602003,466.69,88,92051,58
1788602008,451.22,100,93835,58
1788602013,109.65,0,94653,52
1788602018,222.79,0,90575,52
1788602023,230.51,2,90767,52
1788602028,102.19,7,90581,50
1788602033,140.08,12,91063,49
1788602038,130.44,0,91397,48
1788602043,102.93,0,91399,47
1788602048,86.74,0,91399,47
1788602053,86.06,0,91399,46
1788602058,85.80,0,91399,45
1788602064,27.02,0,91399,43
1788602069,17.08,0,91399,43
1788602074,14.94,0,91399,42
1788602079,17.17,0,91399,41
1788602084,97.46,0,94539,42
1788602089,165.54,100,94539,54
1788602094,381.29,84,94539,52
1788602099,84.31,0,94539,44
1788602104,84.06,0,94539,44
1788602109,84.97,0,94539,44
1788602114,24.39,0,94539,42
1788602119,280.69,100,94541,56
1788602124,140.69,100,94885,54
1788602129,98.71,0,94887,46
1788602134,481.57,100,94887,61
1788602139,372.81,100,94887,61
1788602144,309.26,0,94887,53
1788602149,519.70,100,94887,65
1788602154,549.36,100,94887,68
1788602159,143.35,0,94887,54
1788602164,88.39,0,94887,51
1788602169,88.24,0,94887,50
1788602174,86.63,0,94887,49
1788602179,26.35,0,94887,47
1788602184,15.50,0,94887,45
1788602189,354.15,100,94887,62
1788602194,424.61,67,96213,58
1788602199,550.89,100,96213,67
1788602204,435.64,100,96213,68
1788602209,490.54,67,96213,64
1788602214,334.08,100,96213,70
1788602219,497.77,100,96213,72
1788602224,533.23,69,96213,71
1788602229,534.95,100,96213,74
1788602234,517.36,92,96213,71
1788602240,417.41,56,96213,71
1788602245,102.49,0,96213,63
1788602250,421.03,87,96213,68
1788602255,444.37,100,96213,73
1788602260,423.07,67,96213,73
1788602265,500.05,100,96213,75
1788602270,396.32,89,96213,69
1788602275,430.23,87,96213,70
1788602280,520.01,88,96213,71
1788602285,511.26,58,96213,68
1788602290,486.40,90,96213,71
1788602295,521.93,100,96213,76
1788602300,400.48,88,96213,71
1788602305,537.94,87,96213,72
1788602310,487.74,84,96213,72
1788602315,437.87,86,96213,71
1788602320,472.98,97,96213,75
1788602325,439.64,88,96213,72
1788602330,471.44,100,96213,77
1788602335,398.89,84,96213,72
1788602340,501.19,87,96213,72
1788602345,415.13,63,96213,76
1788602350,432.93,88,96213,73
1788602355,473.24,100,96213,78
1788602360,433.31,87,96213,72
1788602365,472.15,100,96213,78
1788602370,444.31,88,96213,73
1788602375,401.83,86,96213,72
1788602380,476.08,89,96213,73
1788602385,433.57,88,96213,72
1788602390,403.38,88,96213,72
1788602395,438.03,89,96213,72
1788602400,398.82,63,96213,70
1788602405,402.89,90,96213,72
1788602411,437.79,90,96213,73
1788602416,434.38,87,96213,72
1788602421,454.51,85,96213,72
1788602426,429.43,100,96213,77
1788602431,533.69,100,96213,78
1788602436,465.66,89,96213,73
1788602441,487.89,100,96213,77
1788602446,522.88,89,96213,74
1788602451,403.89,87,96213,72
1788602456,405.38,71,96213,75
1788602461,432.43,87,96213,72
1788602466,460.52,100,96213,78
1788602471,434.44,86,96213,72
1788602476,482.87,89,96213,73
1788602481,438.58,90,96213,72
1788602486,525.32,100,96213,78
1788602491,530.36,93,96213,75
1788602496,437.57,88,96213,73
1788602501,524.49,90,96213,73
1788602506,480.79,76,96213,76
1788602511,436.81,88,96213,72
1788602516,512.05,83,96213,72
1788602521,418.61,88,96213,72
1788602526,428.33,89,96213,73
1788602531,431.91,90,96213,73
1788602536,445.70,89,96213,73
1788602541,503.37,83,96213,73
1788602546,527.64,76,96213,77
1788602551,406.68,88,96213,73
1788602556,488.19,100,96213,78
1788602561,395.40,60,96213,71
1788602566,421.43,64,96213,74
1788602571,408.62,86,96213,73
1788602576,435.46,89,96213,73
1788602582,421.68,88,96213,73
1788602587,404.44,89,96213,72
1788602592,460.21,90,96213,73
1788602597,579.30,100,96213,79
1788602602,481.32,88,96213,74
1788602607,579.32,72,96213,75
1788602612,467.07,88,96213,74
1788602617,461.86,85,96213,74
1788602622,458.04,100,96213,80
1788602627,427.42,100,96213,78
1788602632,539.59,100,96213,80
1788602637,532.65,84,96213,78
1788602642,415.37,88,96213,78
1788602647,577.55,67,96213,78
1788602652,445.16,98,96213,81
1788602657,442.08,88,96213,76
1788602662,507.31,100,96213,80
1788602667,466.13,85,96213,75
1788602672,518.70,91,96213,77
1788602677,515.51,100,96213,80
1788602682,493.26,83,96213,80
1788602687,483.83,88,96213,76
1788602692,432.81,100,96213,80
1788602697,578.98,100,96213,81
1788602702,463.06,89,96213,76
1788602707,494.45,83,96213,75
1788602712,486.31,70,96213,76
1788602717,533.97,85,96213,76
1788602722,472.89,100,96213,80
1788602727,461.09,89,96213,76
1788602732,449.40,89,96213,76
1788602737,478.77,69,96213,76
1788602743,548.41,89,96213,76
1788602748,452.72,100,96213,81
1788602753,478.13,44,96213,74
1788602758,543.21,100,96213,81
1788602763,450.76,47,96213,74
1788602768,411.51,88,96213,75
1788602773,584.29,89,96213,77
1788602778,491.20,94,96213,77
1788602783,486.49,84,96213,75
1788602788,408.41,84,96213,73
1788602793,438.43,88,96213,74
1788602798,469.10,100,96213,79
1788602803,415.34,88,96213,74
1788602808,405.91,84,96213,74
1788602813,406.95,88,96213,74
1788602818,437.91,85,96213,74
1788602823,464.47,52,96213,75
1788602828,486.72,91,96213,76
1788602833,531.58,90,96213,75
1788602838,483.63,87,96213,75
1788602843,409.74,89,96213,74
1788602848,433.46,88,96213,74
1788602853,410.15,88,96213,74
1788602858,470.95,90,96213,80
1788602863,440.52,89,96213,74
1788602868,432.56,89,96213,74
1788602873,512.35,89,96213,74
1788602878,426.18,84,96213,73
1788602883,494.20,44,96213,76
1788602888,491.83,88,96213,80
1788602893,448.12,100,96213,79
1788602898,516.30,87,96213,75
1788602903,566.13,84,96213,75
1788602909,463.69,89,96213,74
1788602914,437.95,89,96213,74
1788602919,492.73,88,96213,75
1788602924,415.64,89,96213,74
1788602929,419.44,89,96213,74
1788602934,510.01,90,96213,75
1788602939,484.07,70,96213,78
1788602944,445.81,90,96213,76
1788602949,437.62,100,96213,80
1788602954,440.33,89,96213,75
1788602959,443.19,86,96213,74
1788602964,451.77,100,96213,80
1788602969,579.49,100,96213,81
1788602974,408.51,59,96213,77
1788602979,423.47,89,96213,74
1788602984,440.83,82,96213,78
1788602989,478.31,53,96213,72
1788602994,429.34,90,96213,73
1788602999,478.21,83,96213,74
1788603004,428.23,88,96213,74
1788603009,495.89,84,96213,74
1788603014,407.86,89,96213,73
1788603019,411.49,88,96213,73
1788603024,459.42,99,96213,78
1788603029,577.66,100,96213,81
1788603034,546.74,88,96213,75
1788603039,506.39,97,96213,81
1788603044,424.09,21,96213,71
1788603049,586.97,100,96213,81
1788603054,579.42,100,96213,80
1788603059,579.32,100,96213,81
1788603064,575.94,100,96213,81
1788603070,483.02,100,96213,80
1788603075,496.98,100,96213,81
1788603080,584.14,73,96213,80
1788603085,585.07,100,96213,82
1788603090,543.47,86,96213,77
1788603095,443.47,89,96213,77
1788603100,458.20,89,96213,77
1788603105,477.30,67,96213,77
1788603110,406.09,58,96213,78
1788603115,409.40,84,96213,76
1788603120,534.26,100,96213,82
1788603125,577.60,100,96213,81
1788603130,570.80,88,96213,79
1788603135,562.72,100,96213,81
1788603140,582.71,100,96213,82
1788603145,580.23,100,96213,82
1788603150,578.36,100,96213,81
1788603155,481.21,88,96213,78
1788603160,429.93,100,96213,81
1788603165,450.82,90,96213,76
1788603170,442.37,90,96213,76
1788603175,419.83,89,96213,76
1788603180,483.22,71,96213,77
1788603185,593.94,100,96213,81
1788603190,571.36,89,96213,79
1788603195,440.56,100,96213,81
1788603200,583.70,73,96213,82
1788603205,512.40,89,96213,77
1788603210,418.52,89,96213,77
1788603215,478.00,100,96213,82
1788603220,531.04,100,96213,82
1788603225,501.81,100,96213,82
1788603230,414.89,89,96213,76
1788603236,416.80,89,96213,75
1788603241,408.97,86,96213,74
1788603246,583.91,76,96213,79
1788603251,487.83,100,96213,80
1788603256,438.69,89,96213,76
1788603261,445.07,89,96213,75
1788603266,415.81,89,96213,75
1788603271,490.82,88,96213,75
1788603276,404.23,86,96213,74
1788603281,444.15,98,96213,78
1788603286,405.28,88,96213,74
1788603291,430.07,88,96213,74
1788603296,435.45,87,96213,74
1788603301,486.68,87,96213,75
1788603306,559.53,87,96213,76
1788603311,576.57,100,96213,81
1788603316,578.19,100,96213,80
1788603321,577.70,100,96213,80
1788603326,587.07,100,96213,81
1788603331,482.71,65,96213,78
1788603336,568.62,100,96213,80
1788603341,442.07,87,96213,74
1788603346,407.11,75,96213,73
1788603351,427.09,87,96213,73
1788603356,515.86,81,96213,74
1788603361,436.23,86,96213,75
1788603366,575.18,84,96213,77
1788603371,504.20,28,96213,71
1788603376,450.22,90,96213,75
1788603381,410.45,89,96213,74
1788603386,408.57,88,96213,74
1788603391,463.90,89,96213,75
1788603397,461.83,88,96213,75
1788603402,441.95,100,96213,80
1788603407,443.33,88,96213,75
1788603412,491.92,85,96213,75
1788603417,575.44,100,96213,78
1788603422,438.98,88,96213,75
1788603427,400.41,57,96213,77
1788603432,403.24,61,96213,72
1788603437,427.58,89,96213,74
1788603442,592.60,100,96213,81
1788603447,581.61,100,96213,81
1788603452,576.69,69,96213,79
1788603457,580.68,70,96213,75
1788603462,483.02,100,96213,80
1788603467,458.61,100,96213,80
1788603472,576.00,100,96213,81
1788603477,411.26,86,96213,74
1788603482,420.81,90,96213,74
1788603487,475.28,86,96213,74
1788603492,448.68,90,96213,74
1788603497,426.25,88,96213,75
1788603502,445.81,90,96213,75
1788603507,437.23,100,96213,79
1788603512,445.47,89,96213,74
1788603517,410.38,89,96213,74
1788603522,413.09,86,96213,73
1788603527,590.01,100,96213,79
1788603532,583.58,100,96213,78
1788603537,579.66,94,96213,81
1788603542,579.75,100,96213,81
1788603547,580.25,67,96213,79
1788603552,576.10,100,96213,81
1788603557,465.86,100,96213,80
1788603563,481.04,97,96213,81
1788603568,579.55,100,96213,82
1788603573,582.90,100,96213,81
1788603578,435.40,100,96213,81
1788603583,581.37,100,96213,82
1788603588,583.19,100,96213,83
1788603593,584.24,100,96213,82
1788603598,584.19,95,96213,82
1788603603,581.01,100,96213,82
1788603608,578.82,100,96213,83
1788603613,544.24,100,96213,83
1788603618,472.44,100,96213,81
1788603623,478.04,100,96213,82
1788603628,431.75,87,96213,77
1788603633,498.11,90,96213,78
1788603638,579.22,100,96213,81
1788603643,572.35,66,96213,79
1788603648,581.01,100,96213,82
1788603653,492.03,87,96213,82
1788603658,522.16,87,96213,82
1788603663,465.49,88,96213,77
1788603668,497.94,86,96213,77
1788603673,577.62,100,96213,83
1788603678,580.80,100,96213,83
1788603683,579.95,70,96213,77
1788603688,576.78,66,96213,80
1788603693,547.26,100,96213,82
1788603698,550.83,100,96213,82
1788603703,452.72,100,96213,81
1788603708,413.90,84,96213,76
1788603713,465.10,84,96213,77
1788603719,580.25,100,96213,82
1788603724,504.12,87,96213,77
1788603729,454.62,89,96213,77
1788603734,324.05,89,96213,77
1788603739,472.78,100,96213,83
1788603744,584.66,100,96213,82
1788603749,557.13,100,96213,82
1788603754,525.82,100,96213,83
1788603759,452.25,86,96213,77
1788603764,417.32,65,96213,75
1788603769,580.78,100,96213,82
1788603774,579.27,100,96213,84
1788603779,449.75,92,96213,78
1788603784,416.42,88,96213,76
1788603789,579.51,100,96213,82
1788603794,488.29,88,96213,76
1788603799,468.34,88,96213,76
1788603804,581.88,100,96213,81
1788603809,489.58,97,96213,79
1788603814,418.54,100,96213,81
1788603819,406.49,87,96213,75
1788603824,449.96,91,96213,75
1788603829,411.61,88,96213,75
1788603834,568.28,89,96213,77
1788603839,411.23,87,96213,75
1788603844,423.83,100,96213,80
1788603849,576.80,100,96213,81
1788603854,568.86,80,96213,76
1788603859,456.32,89,96213,76
1788603864,422.85,49,96213,81
1788603869,583.18,100,96213,81
1788603874,448.31,100,96213,81
1788603880,438.26,89,96213,76
1788603885,462.65,88,96213,76
1788603890,498.77,16,96213,73
1788603895,545.63,100,96213,82
1788603900,510.61,100,96213,81
1788603905,410.60,78,96213,74
1788603910,431.72,47,96213,78
1788603915,410.45,88,96213,74
1788603920,559.66,100,96213,80
1788603925,501.89,88,96213,75
1788603930,580.24,100,96213,81
1788603935,580.65,100,96213,81
1788603940,580.23,66,96213,80
1788603945,580.46,100,96213,82
1788603950,412.94,83,96213,75
1788603955,416.86,89,96213,76
1788603960,500.31,88,96213,77
1788603965,579.73,66,96213,77
1788603970,581.99,100,96213,83
1788603975,582.04,100,96213,82
1788603980,395.79,23,96213,76
1788603985,507.38,88,96213,76
1788603990,473.76,100,96213,81
1788603995,497.80,88,96213,75
1788604000,416.17,90,96213,75
1788604005,520.72,88,96213,76
1788604010,496.45,89,96213,76
1788604015,488.84,100,96213,81
1788604020,464.27,90,96213,76
1788604025,498.69,89,96213,76
1788604030,580.23,100,96213,81
1788604035,523.48,100,96213,81
1788604040,496.27,88,96213,76
1788604046,495.32,89,96213,77
1788604051,577.37,100,96213,82
1788604056,575.12,66,96213,81
1788604061,421.40,89,96213,76
1788604066,427.23,82,96213,75
1788604071,580.04,100,96213,81
1788604076,451.04,93,96213,77
1788604081,594.25,100,96213,81
1788604086,416.21,89,96213,75
1788604091,408.80,88,96213,75
1788604096,479.74,91,96213,76
1788604101,415.33,89,96213,75
1788604106,548.57,88,96213,76
1788604111,408.77,89,96213,74
1788604116,414.17,89,96213,74
1788604121,424.88,89,96213,74
1788604126,124.45,0,2,65
1788604131,56.54,0,4,60
1788604136,97.33,17,4782,59
1788604141,257.89,83,5616,63
1788604146,153.12,0,5648,58
1788604151,211.06,0,5744,58
1788604156,127.74,0,5944,57
1788604161,92.71,0,5944,54
1788604166,97.57,0,10392,53
1788604171,113.33,23,23160,54
1788604176,106.17,8,41400,52
1788604181,114.21,17,62328,52
1788604186,89.59,0,76504,50
1788604191,88.01,0,76504,50
1788604196,291.09,96,76800,55
1788604201,357.08,98,76820,56
1788604206,191.55,100,76820,54
1788604211,190.44,0,76820,51
1788604216,344.37,100,77876,65
1788604222,512.78,99,77900,66
1788604227,504.90,97,77904,69
1788604232,89.66,0,77904,53
1788604237,88.75,0,77904,52
1788604242,88.48,0,77904,51
1788604247,37.81,0,77904,48
1788604252,545.86,99,78006,63
1788604257,484.11,97,78072,67
1788604262,191.51,99,78072,56
1788604267,332.08,99,78072,65
1788604272,571.64,99,78176,68
1788604277,541.27,99,78208,68
1788604282,575.10,99,78208,72
1788604287,452.30,92,78208,72
1788604292,538.90,99,78208,74
1788604297,457.41,99,78208,75
1788604302,529.69,17,78212,67
1788604307,104.87,0,78212,59
1788604312,93.89,0,78212,57
1788604317,91.94,0,78212,55
1788604322,61.49,0,78212,53
1788604327,18.51,0,78212,50
1788604332,564.31,99,78212,66
1788604337,564.03,99,78246,69
1788604342,472.69,99,78246,70
1788604347,536.34,92,78246,71
1788604352,580.57,99,78246,74
1788604357,578.91,100,78246,76
1788604362,564.54,99,78246,77
1788604367,588.98,99,78246,78
1788604372,589.41,99,78246,79
1788604377,588.46,99,78246,79
1788604382,544.86,98,78246,80
1788604387,582.84,93,78278,80
1788604392,508.03,6,78278,72
1788604397,566.83,64,78310,78
1788604403,565.77,99,78310,81
1788604408,99.86,0,78310,65
1788604413,63.75,0,2,61
1788604418,25.33,0,4,58
1788604423,22.81,0,4,56
1788604428,19.33,0,4,54
1788604433,18.88,0,4,52
1788604438,43.49,0,53026,52
1788604443,91.23,5,53026,51
1788604448,91.45,4,53026,50
1788604453,89.90,4,53026,49
1788604458,90.60,4,53026,49
1788604463,89.10,4,53026,48
1788604468,86.92,0,53206,48
1788604473,87.89,0,81478,47
1788604478,153.37,0,82798,49
1788604483,86.03,0,83120,47
1788604488,86.57,64,83160,46
1788604493,556.47,100,84950,62
1788604498,571.89,100,84970,68
1788604503,529.83,100,84996,70
1788604508,592.39,100,85028,72
1788604513,584.41,100,85074,74
1788604518,558.59,68,85280,74
1788604523,203.77,3,83844,60
1788604528,111.90,0,84156,57
1788604533,102.01,0,85194,56
1788604538,92.31,0,85372,54
1788604543,493.29,99,85492,64
1788604548,501.04,99,85492,66
1788604553,509.78,99,85492,69
1788604558,502.36,99,85492,69
1788604564,503.84,99,85492,70
1788604569,521.04,99,85492,71
1788604574,509.23,99,85492,72
1788604579,510.06,99,85492,72
1788604584,511.47,99,85492,73
1788604589,511.95,99,85492,73
1788604594,515.71,99,85492,74
1788604599,522.05,99,85492,74
1788604604,515.45,98,85492,75
1788604609,517.16,99,85492,75
1788604614,530.61,99,85492,76
1788604619,535.14,99,85492,76
1788604624,519.83,99,85492,76
1788604629,522.50,99,85492,76
1788604634,520.42,99,85492,77
1788604639,521.17,99,85492,77
1788604644,522.04,99,85492,77
1788604649,522.59,99,85492,77
1788604654,525.29,99,85492,78
1788604659,523.34,99,85492,78
1788604664,533.88,97,85492,79
1788604669,532.99,99,85492,78
1788604674,535.52,98,85492,78
1788604680,540.54,99,85492,78
1788604685,526.44,99,85492,78
1788604690,527.66,99,85492,79
1788604695,525.24,99,85492,78
1788604700,541.86,99,85492,79
1788604705,525.22,99,85492,79
1788604710,527.04,97,85492,80
1788604715,525.65,99,85492,79
1788604720,527.52,99,85492,79
1788604725,527.04,99,85492,79
1788604730,529.29,99,85492,79
1788604735,528.84,98,86092,79
1788604740,536.62,99,86092,80
1788604745,535.36,99,86092,80
1788604750,529.29,99,86092,79
1788604755,528.44,99,86092,79
1788604760,527.84,99,86092,79
1788604765,527.80,99,86092,79
1788604770,526.71,99,86092,79
1788604775,527.42,99,86698,79
1788604780,528.05,99,86698,79
1788604785,528.21,99,86698,79
1788604790,527.70,99,86698,79
1788604796,537.96,99,86698,79
1788604801,526.78,99,86698,79
1788604806,528.13,99,86698,79
1788604811,527.68,99,86698,79
1788604816,541.47,99,86698,79
1788604821,527.16,99,86698,79
1788604826,534.62,99,86698,79
1788604831,527.49,99,86698,79
1788604836,527.78,99,86698,79
1788604841,527.70,99,86698,79
1788604846,534.78,99,86698,80
1788604851,528.22,99,86698,79
1788604856,530.79,99,86698,79
1788604861,528.14,98,86698,79
1788604866,528.86,97,86698,81
1788604871,528.20,99,86698,79
1788604876,529.23,99,86698,80
1788604881,528.89,99,86698,80
1788604886,528.93,99,86698,80
1788604891,546.19,99,86698,80
1788604896,527.71,99,86698,80
1788604901,528.64,99,86698,79
1788604906,541.88,99,86698,80
1788604911,539.59,99,86698,80
1788604917,528.25,99,86698,79
1788604922,527.33,99,86698,80
1788604927,527.27,99,86698,80
1788604932,528.25,99,86698,80
1788604937,528.53,99,86698,80
1788604942,535.15,99,86698,80
1788604947,528.01,99,86698,80
1788604952,527.66,99,86698,79
1788604957,528.15,99,86698,80
1788604962,530.93,99,86698,80
1788604967,528.35,99,86698,80
1788604972,528.36,99,86698,80
1788604977,537.20,99,86698,79
1788604982,536.32,99,86698,80
1788604987,528.29,99,86698,80
1788604992,528.67,99,86698,80
1788604997,528.61,99,86698,80
1788605002,529.60,99,86698,80
1788605007,543.60,99,86698,80
1788605012,528.16,99,86698,79
1788605017,528.41,99,86698,80
1788605022,527.86,99,86698,80
1788605027,526.10,98,86698,79
1788605032,534.91,96,86698,84
1788605038,527.75,99,86698,80
1788605043,526.39,99,86698,80
1788605048,528.04,99,86698,80
1788605053,527.82,99,86698,80
1788605058,528.04,99,86698,80
1788605063,527.28,99,86698,80
1788605068,533.24,99,86698,79
1788605073,528.27,99,86698,80
1788605078,534.55,99,86698,80
1788605083,527.85,99,86698,80
1788605088,527.71,99,86698,80
1788605093,543.59,99,86698,80
1788605098,528.16,99,86698,80
1788605103,534.12,99,86698,80
1788605108,531.86,97,86698,83
1788605113,545.74,99,86698,80
1788605118,545.27,99,86698,80
1788605123,526.35,99,86698,80
1788605128,528.89,99,86698,80
1788605133,534.16,97,86698,85
1788605138,528.46,99,86698,80
1788605143,527.47,99,86698,80
1788605148,528.40,99,86698,80
1788605153,527.83,99,86698,80
1788605159,544.78,99,86698,80
1788605164,541.30,99,86698,80
1788605169,528.55,99,86698,80
1788605174,547.93,99,86698,80
1788605179,527.97,99,86698,80
1788605184,528.06,99,86698,80
1788605189,528.29,99,86698,80
1788605194,548.80,99,86698,79
1788605199,528.23,99,86698,80
1788605204,527.59,99,86698,80
1788605209,528.77,99,86698,80
1788605214,542.05,99,86698,80
1788605219,527.91,99,86698,80
1788605224,534.77,99,86698,80
1788605229,529.13,99,86698,80
1788605234,544.94,99,86698,80
1788605239,537.71,99,86698,80
1788605244,528.03,99,86698,80
1788605249,527.97,99,86698,80
1788605254,528.94,99,86698,80
1788605259,527.22,99,86698,80
1788605264,527.32,99,86698,79
1788605269,527.23,99,86698,80
1788605274,527.19,99,86698,80
1788605280,528.25,99,86698,80
1788605285,527.61,99,86698,80
1788605290,527.94,99,86698,80
1788605295,528.22,99,86698,80
1788605300,536.04,99,86698,80
1788605305,528.56,99,86698,80
1788605310,528.00,99,86698,80
1788605315,537.88,99,86698,80
1788605320,528.01,99,86698,80
1788605325,540.40,99,86698,80
1788605330,531.37,99,86698,80
1788605335,529.44,99,86698,80
1788605340,528.80,99,86698,80
1788605345,531.01,99,86698,80
1788605350,529.43,98,86698,80
1788605355,528.54,99,86698,79
1788605360,533.77,99,86698,80
1788605365,535.23,99,86698,80
1788605370,533.36,98,86698,80
1788605375,528.64,99,86698,80
1788605380,527.23,99,86698,80
1788605385,536.86,99,86698,80
1788605390,528.27,99,86698,79
1788605395,537.77,99,86698,80
1788605401,530.73,99,86698,80
1788605406,528.15,99,86698,79
1788605411,528.06,99,86698,80
1788605416,531.09,99,86698,80
1788605421,528.15,99,86698,80
1788605426,537.77,99,86698,80
1788605431,528.40,99,86698,80
1788605436,541.91,99,86698,80
1788605441,537.52,99,86698,80
1788605446,533.52,99,86698,80
1788605451,529.78,99,86698,80
1788605456,533.16,99,86698,80
1788605461,527.95,99,86698,85
1788605466,528.18,99,86698,79
1788605471,528.42,99,86698,80
1788605476,528.12,99,86698,80
1788605481,544.54,99,86698,80
1788605486,527.74,99,86698,80
1788605491,563.42,100,86698,85
1788605496,521.50,99,86698,80
1788605501,529.77,99,86698,80
1788605506,527.77,78,86698,84
1788605511,538.02,99,86698,80
1788605516,527.54,99,86698,80
1788605521,528.29,99,86698,80
1788605527,533.67,99,86698,80
1788605532,540.93,99,86698,80
1788605537,528.67,99,86698,80
1788605542,528.91,99,86698,80
1788605547,529.52,99,86698,80
1788605552,538.82,99,86698,80
1788605557,528.19,99,86698,80
1788605562,528.38,99,86698,80
1788605567,528.65,99,86698,80
1788605572,534.48,99,86698,80
1788605577,528.59,98,86698,80
1788605582,528.62,99,86698,80
1788605587,528.30,99,86698,80
1788605592,528.42,99,86698,80
1788605597,528.73,99,86698,80
1788605602,531.29,99,86698,80
1788605607,528.44,99,86698,80
1788605612,531.22,99,86698,80
1788605617,528.70,99,86698,80
1788605622,528.29,99,86698,80
1788605627,527.79,99,86698,80
1788605632,528.41,99,86698,80
1788605637,527.74,99,86698,80
1788605642,541.00,99,86698,80
1788605648,531.60,99,86698,80
1788605653,535.64,99,86698,80
1788605658,529.53,99,86698,80
1788605663,528.71,99,86698,80
1788605668,528.91,99,86698,80
1788605673,528.72,99,86698,80
1788605678,529.37,99,86698,80
1788605683,528.48,99,86698,80
1788605688,529.51,99,86698,79
1788605693,528.04,99,86698,80
1788605698,534.39,99,86698,80
1788605703,528.53,99,86698,80
1788605708,529.08,99,86698,80
1788605713,529.12,99,86698,80
1788605718,541.74,99,86698,80
1788605723,545.61,99,86698,80
1788605728,529.70,99,86698,80
1788605733,529.79,99,86698,80
1788605738,530.00,99,86698,80
1788605743,529.43,99,86698,80
1788605748,530.01,99,86698,80
1788605753,529.02,99,86698,80
1788605758,529.46,99,86698,80
1788605764,534.70,99,86698,80
1788605769,532.79,99,86698,80
1788605774,527.37,99,86698,80
1788605779,533.17,99,86698,80
1788605784,536.53,99,86698,80
1788605789,528.12,99,86698,80
1788605794,534.71,99,86698,80
1788605799,527.78,99,86698,80
1788605804,527.85,99,86698,80
1788605809,542.04,99,86698,80
1788605814,528.04,99,86698,80
1788605819,543.57,99,86698,80
1788605824,543.67,99,86698,80
1788605829,529.43,99,86698,80
1788605834,528.12,99,86698,80
1788605839,528.30,99,86698,80
1788605844,531.38,99,86698,80
1788605849,528.85,99,86698,80
1788605854,530.83,98,86698,80
1788605859,528.31,99,86698,80
1788605864,529.42,99,86698,79
1788605869,528.98,99,86698,80
1788605874,528.79,99,86698,80
1788605879,528.51,99,86698,80
1788605885,544.77,99,86698,80
1788605890,544.96,99,86698,80
1788605895,528.52,99,86698,80
1788605900,547.24,99,86698,80
1788605905,528.13,99,86698,80
1788605910,543.97,98,86698,81
1788605915,553.30,99,86698,81
1788605920,546.41,99,86698,80
1788605925,528.18,99,86698,80
1788605930,529.40,99,86698,80
1788605935,529.16,99,86698,80
1788605940,529.38,99,86698,80
1788605945,529.62,99,86698,80
1788605950,529.57,99,86698,80
1788605955,528.08,99,86698,80
1788605960,527.72,99,86698,80
1788605965,528.09,99,86698,80
1788605970,529.01,99,86698,80
1788605975,528.71,99,86698,80
1788605980,527.92,99,86698,80
1788605985,528.98,99,86698,80
1788605990,528.34,99,86698,80
1788605995,536.87,99,86698,80
1788606000,535.05,99,86698,80
1788606006,528.41,99,86698,80
1788606011,528.17,99,86698,80
1788606016,528.81,99,86698,80
1788606021,527.83,99,86698,80
1788606026,527.33,99,86698,80
1788606031,527.31,99,86698,79
1788606036,527.90,99,86698,80
1788606041,528.07,99,86698,79
1788606046,528.06,99,86698,80
1788606051,527.87,99,86698,80
1788606056,528.06,99,86698,80
1788606061,572.02,99,86698,80
1788606066,528.62,99,86698,80
1788606071,537.01,99,86698,80
1788606076,534.73,99,86698,80
1788606081,533.21,99,86698,80
1788606086,528.32,98,86698,79
1788606091,539.38,99,86698,80
1788606096,535.40,99,86698,80
1788606101,535.11,99,86698,80
1788606106,531.07,99,86698,80
1788606111,530.97,99,86698,80
1788606116,565.86,99,86698,85
1788606121,566.07,99,86698,81
1788606127,536.81,99,86698,80
1788606132,546.82,99,86698,80
1788606137,546.95,99,86698,81
1788606142,561.05,99,86700,81
1788606147,538.15,99,86702,81
1788606152,547.90,99,86702,81
1788606157,567.12,99,86702,81
1788606162,544.82,99,86702,81
1788606167,552.90,99,86702,81
1788606172,538.31,99,86702,81
1788606177,552.16,100,86702,87
1788606182,565.18,99,86702,82
1788606187,575.37,99,86702,82
1788606192,540.48,99,86702,81
1788606197,540.45,99,86702,81
1788606202,571.71,98,86702,81
1788606207,568.37,99,86702,82
1788606212,556.01,98,86702,84
1788606217,530.85,99,86702,81
1788606222,537.01,99,86702,81
1788606227,529.98,99,86702,81
1788606232,530.05,99,86702,80
1788606237,544.36,99,86702,82
1788606242,529.43,99,86702,80
1788606247,532.25,99,86702,81
1788606253,529.10,99,86702,80
1788606258,539.12,96,86704,85
1788606263,532.22,99,86704,80
1788606268,530.06,99,86704,80
1788606273,522.15,99,86704,80
1788606278,531.37,99,86704,80
1788606283,521.53,98,86704,80
1788606288,529.34,99,86704,80
1788606293,528.78,99,86704,80
1788606298,528.90,99,86704,80
1788606303,529.97,99,86704,80
1788606308,528.72,99,86704,80
1788606313,528.59,99,86704,80
1788606318,528.76,99,86704,80
1788606323,528.32,99,86704,80
1788606328,529.41,99,86704,80
1788606333,528.99,99,86704,80
1788606338,528.50,99,86704,80
1788606343,537.69,99,86704,80
1788606348,567.04,99,86704,80
1788606353,538.71,99,86704,80
1788606358,538.79,99,86704,82
1788606363,539.77,99,86704,81
1788606369,547.11,99,86704,81
1788606374,576.86,99,86704,81
1788606379,531.32,99,86704,80
1788606384,529.50,99,86704,80
1788606389,530.16,99,86704,80
1788606394,528.78,99,86704,80
1788606399,530.43,99,86704,80
1788606404,529.23,99,86704,80
1788606409,529.45,99,86704,80
1788606414,528.98,99,86704,80
1788606419,531.77,99,86704,80
1788606424,537.65,99,86704,80
1788606429,528.50,99,86704,80
1788606434,529.68,99,86704,80
1788606439,528.85,99,86704,80
1788606444,544.40,99,86704,80
1788606449,530.07,99,86704,80
1788606454,530.13,99,86704,80
1788606459,534.51,99,86704,80
1788606464,528.97,99,86704,80
1788606469,529.88,99,86704,80
1788606474,532.04,99,86704,80
1788606479,527.86,99,86704,80
1788606484,528.80,99,86704,80
1788606490,527.81,99,86704,79
1788606495,528.74,99,86704,80
1788606500,528.86,99,86704,80
1788606505,528.59,99,86704,80
1788606510,528.12,99,86704,80
1788606515,528.25,99,86704,79
1788606520,531.02,99,86704,80
1788606525,528.61,99,86704,80
1788606530,528.65,99,86704,79
1788606535,529.85,99,86704,80
1788606540,542.92,99,86704,80
1788606545,535.23,99,86704,79
1788606550,538.96,99,86704,80
1788606555,530.77,96,86704,80
1788606560,530.31,99,86704,80
1788606565,538.86,97,86704,85
1788606570,530.29,99,86704,80
1788606575,532.48,99,86704,80
1788606580,534.92,99,86704,80
1788606585,529.07,99,86704,80
1788606590,528.34,99,86704,80
1788606595,533.42,99,86704,80
1788606600,538.19,99,86704,80
1788606605,528.48,99,86704,80
1788606611,529.24,99,86704,80
1788606616,529.00,99,86704,80
1788606621,529.37,99,86704,80
1788606626,529.43,99,86704,80
1788606631,544.24,99,86704,80
1788606636,529.59,99,86704,80
1788606641,535.06,99,86704,80
1788606646,529.77,99,86704,80
1788606651,528.68,98,86704,79
1788606656,542.91,99,86704,80
1788606661,528.78,99,86704,79
1788606666,534.91,99,86704,80
1788606671,528.84,99,86704,80
1788606676,541.64,99,86704,80
1788606681,529.17,99,86704,80
1788606686,530.60,99,86704,80
1788606691,528.25,99,86704,80
1788606696,528.36,99,86704,80
1788606701,543.97,98,86704,80
1788606706,544.90,99,86704,80
1788606711,528.40,99,86704,80
1788606716,534.13,99,86704,80
1788606721,529.03,99,86704,80
1788606726,528.36,99,86704,80
1788606732,537.55,99,86704,80
1788606737,546.74,99,86704,81
1788606742,528.13,99,86704,80
1788606747,528.71,99,86704,80
1788606752,534.19,99,86704,80
1788606757,529.86,99,86704,80
1788606762,530.09,99,86704,80
1788606767,528.47,99,86704,80
1788606772,528.82,99,86704,80
1788606777,537.29,99,86704,80
1788606782,528.93,99,86704,80
1788606787,528.00,99,86704,80
1788606792,528.59,99,86704,80
1788606797,531.66,97,86704,83
1788606802,529.07,98,86704,80
1788606807,529.10,99,86704,80
1788606812,529.85,99,86704,80
1788606817,535.89,99,86704,80
1788606822,530.14,99,86704,80
1788606827,529.60,99,86704,80
1788606832,529.59,99,86704,80
1788606837,528.46,99,86704,80
1788606842,527.81,99,86704,80
1788606847,528.12,99,86704,80
1788606853,529.07,99,86704,80
1788606858,530.16,99,86704,80
1788606863,529.59,99,86704,80
1788606868,529.82,99,86704,80
1788606873,529.51,99,86704,80
1788606878,530.10,99,86704,80
1788606883,529.34,99,86704,80
1788606888,548.55,100,86704,85
1788606893,530.04,99,86704,80
1788606898,558.94,99,86704,81
1788606903,530.42,99,86704,80
1788606908,543.07,99,86704,81
1788606913,537.54,99,86704,80
1788606918,556.66,99,86704,81
1788606923,530.74,99,86704,80
1788606928,530.09,99,86704,80
1788606933,530.63,99,86704,80
1788606938,532.28,99,86704,81
1788606943,536.32,99,86704,81
1788606948,535.87,99,86704,80
1788606953,530.44,99,86704,80
1788606958,530.73,99,86704,80
1788606963,529.29,99,86704,81
1788606968,530.48,99,86704,81
1788606974,537.74,99,86704,81
1788606979,530.05,99,86704,80
1788606984,530.50,99,86704,80
1788606989,530.50,99,86704,80
1788606994,557.22,97,86704,81
1788606999,529.91,99,86704,80
1788607004,529.78,99,86704,80
1788607009,536.51,99,86704,80
1788607014,541.75,97,86704,86
1788607019,535.82,99,86704,80
1788607024,529.06,99,86704,80
1788607029,529.49,99,86704,80
1788607034,529.84,99,86704,80
1788607039,555.28,99,86704,81
1788607044,555.20,99,86704,81
1788607049,530.36,99,86704,80
1788607054,529.60,99,86704,80
1788607059,528.07,99,86704,80
1788607064,529.89,99,86704,80
1788607069,529.73,99,86704,80
1788607074,532.77,99,86704,81
1788607079,536.79,99,86704,81
1788607084,536.19,99,86704,80
1788607090,530.69,99,86704,80
1788607095,533.20,97,86704,84
1788607100,529.46,99,86704,80
1788607105,530.25,99,86704,80
1788607110,534.38,99,86704,80
1788607115,555.91,99,86704,80
1788607120,529.38,99,86704,80
1788607125,537.74,99,86704,80
1788607130,529.18,99,86704,80
1788607135,530.31,99,86704,80
1788607140,530.09,99,86704,80
1788607145,528.59,99,86704,80
1788607150,529.38,99,86704,80
1788607155,529.54,99,86704,80
1788607160,529.82,99,86704,80
1788607165,529.38,99,86704,80
1788607170,529.52,99,86704,81
1788607175,529.20,99,86704,80
1788607180,542.10,99,86704,80
1788607185,535.93,99,86704,81
1788607190,529.72,99,86704,80
1788607195,529.88,99,86704,80
1788607200,529.67,99,86704,80
1788607205,529.95,99,86704,80
1788607211,529.40,99,86704,80
1788607216,535.43,99,86704,80
1788607221,529.76,99,86704,80
1788607226,529.54,99,86704,80
1788607231,530.03,99,86704,80
1788607236,530.60,99,86704,80
1788607241,530.73,99,86704,80
1788607246,529.32,99,86704,80
1788607251,529.30,98,86704,80
1788607256,528.87,99,86704,80
1788607261,544.71,100,86704,86
1788607266,529.50,99,86704,80
1788607271,553.76,99,86704,80
1788607276,537.07,99,86704,80
1788607281,529.69,99,86704,80
1788607286,529.21,99,86704,80
1788607291,529.60,99,86704,80
1788607296,538.27,99,86704,80
1788607301,552.38,100,86704,86
1788607306,529.16,99,86704,80
1788607311,530.05,99,86704,80
1788607316,554.61,100,86704,84
1788607321,530.01,99,86704,80
1788607326,530.33,99,86704,80
1788607331,529.10,99,86704,80
1788607337,529.24,99,86704,80
1788607342,530.04,99,86704,80
1788607347,529.17,99,86704,80
1788607352,529.73,99,86704,80
1788607357,540.47,99,86704,80
1788607362,530.79,99,86704,80
1788607367,543.17,99,86704,80
1788607372,530.68,99,86704,80
1788607377,540.29,96,86704,85
1788607382,530.09,99,86704,80
1788607387,530.76,99,86704,80
1788607392,529.22,99,86704,80
1788607397,531.54,99,86704,80
1788607402,529.16,99,86704,80
1788607407,527.32,99,86704,80
1788607412,528.96,99,86704,80
1788607417,558.60,99,86704,80
1788607422,529.26,99,86704,80
1788607427,530.10,99,86704,80
1788607432,529.17,99,86704,80
1788607437,529.76,99,86704,80
1788607442,543.54,99,86704,80
1788607447,528.64,99,86704,80
1788607452,555.99,99,86704,80
1788607458,532.06,99,86704,80
1788607463,531.23,99,86704,80
1788607468,557.33,99,86704,81
1788607473,530.33,99,86704,80
1788607478,530.79,99,86704,80
1788607483,529.78,99,86704,80
1788607488,535.43,99,86704,80
1788607493,530.02,99,86704,80
1788607498,548.71,99,86704,80
1788607503,545.84,99,86704,81
1788607508,529.58,99,86704,80
1788607513,536.51,99,86704,80
1788607518,529.61,99,86704,80
1788607523,529.24,99,86704,80
1788607528,529.07,99,86704,80
1788607533,534.49,99,86704,81
1788607538,544.37,99,86704,80
1788607543,529.68,99,86704,80
1788607548,544.60,99,86704,80
1788607553,529.09,99,86704,80
1788607558,530.28,99,86704,80
1788607563,529.35,99,86704,80
1788607568,553.77,99,86704,81
1788607574,550.85,98,86704,80
1788607579,530.09,99,86704,80
1788607584,539.60,99,86704,80
1788607589,530.29,99,86704,80
1788607594,529.28,99,86704,80
1788607599,529.67,99,86704,80
1788607604,529.95,99,86704,80
1788607609,530.47,99,86704,80
1788607614,529.78,99,86704,80
1788607619,536.17,99,86704,80
1788607624,529.15,99,86704,80
1788607629,529.87,99,86704,80
1788607634,529.64,99,86704,80
1788607639,526.86,99,86704,80
1788607644,528.30,99,86704,80
1788607649,527.71,99,86704,80
1788607654,528.45,99,86704,80
1788607659,529.01,99,86704,80
1788607664,529.39,99,86704,80
1788607669,530.08,99,86704,80
1788607674,530.23,99,86704,80
1788607679,530.93,99,86704,80
1788607684,530.22,99,86704,80
1788607689,530.18,99,86704,80
1788607695,557.87,98,86704,81
1788607700,559.24,99,86704,80
1788607705,529.63,99,86704,80
1788607710,530.40,99,86704,80
1788607715,559.02,99,86704,81
1788607720,530.85,99,86704,80
1788607725,530.86,99,86704,80
1788607730,541.66,99,86704,80
1788607735,553.13,100,86704,86
1788607740,529.92,99,86704,80
1788607745,538.70,99,86704,80
1788607750,530.03,99,86704,80
1788607755,530.31,99,86704,80
1788607760,530.35,99,86704,80
1788607765,541.26,99,86704,80
1788607770,544.99,99,86704,80
1788607775,530.60,99,86704,80
1788607780,556.10,99,86704,81
1788607785,531.37,99,86704,80
1788607790,530.96,99,86704,80
1788607795,530.65,99,86704,80
1788607800,530.60,99,86704,80
1788607805,531.14,99,86704,80
1788607810,559.19,99,86704,81
1788607815,530.68,99,86704,80
1788607821,530.78,99,86704,80
1788607826,556.72,99,86704,81
1788607831,546.34,100,86704,86
1788607836,529.85,99,86704,81
1788607841,530.60,99,86704,81
1788607846,530.97,99,86704,81
1788607851,531.27,99,86704,81
1788607856,530.96,99,86704,81
1788607861,531.01,99,86704,81
1788607866,531.01,99,86704,81
1788607871,531.03,99,86704,81
1788607876,530.84,99,86704,81
1788607881,596.03,100,86704,86
1788607886,531.83,99,86704,81
1788607891,532.00,99,86704,81
1788607896,531.26,99,86704,81
1788607901,530.11,99,86704,81
1788607906,529.92,99,86704,80
1788607911,556.33,99,86704,81
1788607916,558.10,98,86704,82
1788607921,531.20,99,86704,81
1788607926,531.70,99,86704,81
1788607931,530.77,99,86704,81
1788607936,531.54,99,86704,80
1788607942,547.58,96,86704,84
1788607947,531.11,99,86704,81
1788607952,531.10,99,86704,81
1788607957,531.34,99,86704,80
1788607962,541.17,99,86704,80
1788607967,531.16,99,86704,81
1788607972,540.59,99,86704,82
1788607977,530.68,99,86704,81
1788607982,532.40,97,86704,80
1788607987,541.06,99,86704,81
1788607992,530.21,99,86704,81
1788607997,531.04,99,86704,81
1788608002,530.80,99,86704,80
1788608007,531.44,99,86704,81
1788608012,549.84,100,86704,86
1788608017,537.40,99,86704,81
1788608022,531.65,99,86704,81
1788608027,531.22,99,86704,80
1788608032,531.61,99,86704,81
1788608037,536.36,97,86704,85
1788608042,547.39,99,86704,81
1788608047,530.75,99,86704,81
1788608052,556.54,99,86704,81
1788608057,531.11,99,86704,80
1788608062,531.29,99,86704,81
1788608068,552.42,100,86704,86
1788608073,529.97,99,86704,80
1788608078,548.33,99,86704,80
1788608083,531.24,99,86704,80
1788608088,531.91,99,86704,80
1788608093,530.96,99,86704,80
1788608098,531.78,99,86704,81
1788608103,531.19,99,86704,80
1788608108,531.44,99,86704,80
1788608113,531.20,99,86704,81
1788608118,530.88,99,86704,80
1788608123,530.92,99,86704,80
1788608128,531.31,99,86704,80
1788608133,531.35,99,86704,80
1788608138,541.52,99,86704,80
1788608143,530.63,99,86704,80
1788608148,531.60,99,86704,80
1788608153,531.46,99,86704,80
1788608158,530.61,98,86704,80
1788608163,529.75,99,86704,80
1788608168,532.44,99,86704,80
1788608173,529.74,99,86704,80
1788608178,528.98,99,86704,80
1788608183,547.99,100,86704,86
1788608188,531.53,99,86704,80
1788608194,530.43,99,86704,80
1788608199,530.92,99,86704,80
1788608204,530.82,99,86704,80
1788608209,531.05,99,86704,80
1788608214,530.06,99,86704,80
1788608219,529.78,99,86704,80
1788608224,531.00,99,86704,80
1788608229,537.31,99,86704,80
1788608234,542.63,99,86704,81
1788608239,530.12,99,86704,80
1788608244,530.78,99,86704,80
1788608249,558.86,99,86704,80
1788608254,537.08,99,86704,80
1788608259,532.72,99,86704,80
1788608264,530.81,99,86704,80
1788608269,530.52,99,86704,80
1788608274,545.68,99,86704,80
1788608279,537.60,99,86704,80
1788608284,542.47,99,86704,80
1788608289,529.74,99,86704,80
1788608294,528.69,99,86704,80
1788608299,542.61,99,86704,80
1788608304,529.28,99,86704,80
1788608309,529.30,99,86704,80
1788608315,530.13,99,86704,80
1788608320,534.82,99,86704,80
1788608325,529.88,99,86704,80
1788608330,551.35,99,86704,80
1788608335,530.34,99,86704,80
1788608340,530.38,99,86704,80
1788608345,531.05,99,86704,80
1788608350,530.35,99,86704,80
1788608355,531.00,99,86704,80
1788608360,528.97,99,86704,80
1788608365,530.53,99,86704,80
1788608370,529.71,99,86704,80
1788608375,530.64,99,86704,80
1788608380,528.93,99,86704,80
1788608385,529.67,99,86704,80
1788608390,538.43,99,86704,80
1788608395,530.24,99,86704,80
1788608400,539.95,99,86704,80
1788608405,535.67,99,86704,80
1788608410,529.12,99,86704,80
1788608415,529.57,99,86704,80
1788608420,529.12,99,86704,80
1788608425,529.13,99,86704,80
1788608430,528.34,99,86704,80
1788608436,529.50,99,86704,80
1788608441,529.64,99,86704,80
1788608446,529.24,99,86704,80
1788608451,528.62,99,86704,80
1788608456,536.57,99,86704,80
1788608461,528.96,99,86704,80
1788608466,555.41,99,86704,80
1788608471,529.74,99,86704,80
1788608476,541.11,99,86704,80
1788608481,541.08,99,86704,80
1788608486,555.86,99,86704,80
1788608491,541.12,99,86704,81
1788608496,540.54,99,86704,80
1788608501,529.65,99,86704,80
1788608506,529.95,99,86704,80
1788608511,554.81,99,86704,81
1788608516,529.37,99,86704,80
1788608521,537.50,99,86704,80
1788608526,535.90,99,86704,80
1788608531,535.17,95,86704,84
1788608536,529.45,99,86704,80
1788608541,541.41,99,86704,80
1788608546,542.82,99,86704,80
1788608551,529.58,99,86704,80
1788608557,529.75,99,86704,80
1788608562,536.28,98,86704,81
1788608567,530.32,99,86704,80
1788608572,529.35,99,86704,80
1788608577,530.10,99,86704,80
1788608582,530.76,99,86704,80
1788608587,530.02,99,86704,80
1788608592,563.12,100,86704,85
1788608597,539.58,99,86704,80
1788608602,529.62,99,86704,80
1788608607,530.00,99,86704,80
1788608612,536.31,99,86704,80
1788608617,529.31,99,86704,80
1788608622,537.14,99,86704,80
1788608627,531.31,99,86704,80
1788608632,530.84,99,86704,80
1788608637,530.88,99,86704,80
1788608642,530.05,99,86704,80
1788608647,540.00,99,86704,80
1788608652,530.31,99,86704,80
1788608657,530.54,99,86704,80
1788608662,522.49,99,86704,80
1788608667,530.84,99,86704,80
1788608672,522.53,98,86704,80
1788608678,556.53,99,86704,80
1788608683,557.05,99,86704,80
1788608688,531.73,99,86704,80
1788608693,536.14,99,86704,80
1788608698,557.00,99,86704,80
1788608703,530.89,99,86704,80
1788608708,531.22,99,86704,80
1788608713,530.92,99,86704,80
1788608718,531.43,99,86704,80
1788608723,531.07,99,86704,80
1788608728,530.20,98,86704,80
1788608733,529.99,99,86704,80
1788608738,530.60,99,86704,80
1788608743,531.08,99,86704,80
1788608748,531.44,99,86704,80
1788608753,545.90,97,86704,85
1788608758,543.50,99,86704,80
1788608763,530.73,99,86704,80
1788608768,530.98,99,86704,80
1788608773,531.15,99,86704,80
1788608778,545.58,99,86704,80
1788608783,544.74,100,86704,86
1788608788,538.29,99,86704,80
1788608793,531.51,99,86704,80
1788608799,531.55,99,86704,80
1788608804,529.02,98,86704,80
1788608809,530.06,99,86704,80
1788608814,530.11,99,86704,80
1788608819,532.71,99,86704,80
1788608824,530.16,99,86704,80
1788608829,537.29,99,86704,80
1788608834,539.91,99,86704,81
1788608839,530.31,99,86704,80
1788608844,530.76,99,86704,80
1788608849,530.50,99,86704,80
1788608854,530.82,99,86704,83
1788608859,530.97,99,86704,80
1788608864,530.68,99,86704,80
1788608869,540.15,97,86704,86
1788608874,530.82,99,86704,80
1788608879,530.56,99,86704,80
1788608884,530.09,99,86704,80
1788608889,529.84,99,86704,80
1788608894,530.39,99,86704,80
1788608899,530.36,99,86704,80
1788608904,529.80,99,86704,80
1788608909,539.72,99,86704,80
1788608914,530.27,99,86704,80
1788608919,530.70,99,86704,80
1788608925,530.98,99,86704,80
1788608930,530.11,99,86704,80
1788608935,531.18,99,86704,80
1788608940,531.23,99,86704,80
1788608945,529.64,99,86704,80
1788608950,535.86,98,86704,81
1788608955,531.95,99,86704,80
1788608960,538.89,99,86704,80
1788608965,540.12,99,86704,80
1788608970,529.58,99,86704,80
1788608975,528.97,99,86704,80
1788608980,530.15,99,86704,80
1788608985,529.13,99,86704,80
1788608990,535.38,99,86704,80
1788608995,528.41,99,86704,80
1788609000,528.39,99,86704,80
1788609005,557.76,99,86704,81
1788609010,530.00,99,86704,80
1788609015,529.69,99,86704,80
1788609020,530.01,99,86704,80
1788609025,529.53,99,86704,80
1788609030,541.20,99,86704,81
1788609035,529.65,99,86704,80
1788609040,529.40,99,86704,80
1788609045,529.16,99,86704,80
1788609051,529.48,99,86704,80
1788609056,531.75,97,86704,85
1788609061,528.01,99,86704,80
1788609066,528.30,99,86704,80
1788609071,528.20,99,86704,80
1788609076,539.99,99,86704,80
1788609081,534.97,99,86704,81
1788609086,544.07,99,86704,81
1788609091,528.57,99,86704,80
1788609096,540.41,99,86704,81
1788609101,528.58,99,86704,80
1788609106,529.12,99,86704,80
1788609111,529.50,99,86704,80
1788609116,528.92,99,86704,80
1788609121,536.46,99,86704,80
1788609126,527.85,99,86704,80
1788609131,532.59,97,86704,84
1788609136,537.84,99,86704,81
1788609141,529.12,99,86704,80
1788609146,528.49,99,86704,80
1788609151,528.91,99,86704,80
1788609156,529.00,99,86704,80
1788609161,529.59,99,86704,80
1788609166,528.75,99,86704,80
1788609171,529.36,99,86704,80
1788609177,528.68,99,86704,80
1788609182,529.41,99,86704,80
1788609187,528.69,96,86704,79
1788609192,528.21,99,86704,80
1788609197,528.77,99,86704,80
1788609202,528.89,99,86704,80
1788609207,529.27,99,86704,80
1788609212,529.29,99,86704,80
1788609217,529.89,99,86704,80
1788609222,529.96,99,86704,80
1788609227,530.72,99,86704,80
1788609232,530.02,99,86704,80
1788609237,530.58,99,86704,80
1788609242,578.55,100,86704,85
1788609247,538.43,99,86704,81
1788609252,529.80,99,86704,81
1788609257,530.10,99,86704,81
1788609262,529.32,99,86704,81
1788609267,556.54,99,86704,81
1788609272,530.71,99,86704,81
1788609277,542.50,97,86704,81
1788609282,535.91,98,86704,81
1788609287,556.77,99,86704,81
1788609292,530.92,99,86704,81
1788609298,530.17,99,86704,81
1788609303,533.95,99,86704,81
1788609308,535.73,99,86704,81
1788609313,531.06,99,86704,81
1788609318,536.57,99,86704,81
1788609323,530.70,99,86704,81
1788609328,531.15,99,86704,81
1788609333,530.47,99,86704,80
1788609338,530.64,99,86704,80
1788609343,557.69,99,86704,81
1788609348,530.56,99,86704,80
1788609353,529.57,99,86704,81
1788609358,529.51,99,86704,81
1788609363,528.65,99,86704,80
1788609368,529.35,99,86704,81
1788609373,529.26,99,86704,80
1788609378,555.88,99,86704,81
1788609383,536.49,99,86704,80
1788609388,532.71,96,86704,84
1788609393,529.18,99,86704,81
1788609398,536.22,99,86704,81
1788609403,528.77,99,86704,81
1788609408,528.90,99,86704,80
1788609414,530.56,99,86704,80
1788609419,529.55,99,86704,80
1788609424,537.27,99,86704,81
1788609429,528.78,99,86704,80
1788609434,546.37,99,86704,81
1788609439,528.70,99,86704,81
1788609444,603.94,100,86704,86
1788609449,529.62,99,86704,80
1788609454,530.94,99,86704,81
1788609459,531.05,99,86704,81
1788609464,529.18,99,86704,80
1788609469,529.21,99,86704,81
1788609474,529.02,99,86704,80
1788609479,528.11,99,86704,80
1788609484,529.93,99,86704,80
1788609489,529.34,99,86704,80
1788609494,530.00,99,86704,80
1788609499,531.10,99,86704,80
1788609504,531.25,99,86704,80
1788609509,530.15,99,86704,80
1788609514,528.98,99,86704,80
1788609519,529.76,99,86704,80
1788609524,529.66,99,86704,80
1788609529,530.23,99,86704,80
1788609534,536.13,99,86704,80
1788609540,528.81,99,86704,80
1788609545,529.29,99,86704,80
1788609550,557.54,99,86704,81
1788609555,535.42,99,86704,80
1788609560,529.30,99,86704,80
1788609565,530.00,99,86704,80
1788609570,543.36,99,86704,81
1788609575,555.56,99,86704,81
1788609580,536.92,99,86704,80
1788609585,530.40,99,86704,80
1788609590,528.97,99,86704,80
1788609595,529.47,99,86704,80
1788609600,529.69,99,86704,80
1788609605,543.21,99,86704,80
1788609610,529.62,99,86704,80
1788609615,529.74,99,86704,80
1788609620,529.47,99,86704,80
1788609625,556.07,99,86704,80
1788609630,529.53,99,86704,80
1788609635,529.66,99,86704,80
1788609640,527.80,99,86704,80
1788609645,536.34,99,86704,80
1788609650,558.38,98,86704,81
1788609655,529.01,99,86704,80
1788609660,553.34,99,86704,81
1788609666,529.94,99,86704,80
1788609671,528.52,99,86704,80
1788609676,542.96,99,86704,80
1788609681,529.19,99,86704,80
1788609686,529.92,99,86704,80
1788609691,540.04,97,86704,86
1788609696,529.03,99,86704,80
1788609701,529.51,99,86704,80
1788609706,540.20,99,86704,80
1788609711,529.88,99,86704,80
1788609716,529.08,99,86704,80
1788609721,529.22,99,86704,80
1788609726,529.53,99,86704,80
1788609731,528.44,99,86704,80
1788609736,529.95,99,86704,80
1788609741,530.31,99,86704,80
1788609746,531.09,99,86704,80
1788609751,530.36,99,86704,80
1788609756,531.07,99,86704,80
1788609761,527.99,99,86704,80
1788609766,529.58,99,86704,80
1788609771,558.79,100,86704,86
1788609776,529.19,99,86704,80
1788609781,530.32,99,86704,80
1788609787,530.21,99,86704,80
1788609792,530.03,99,86704,80
1788609797,530.05,99,86704,80
1788609802,529.80,99,86704,80
1788609807,556.18,99,86704,81
1788609812,529.98,99,86704,81
1788609817,530.59,99,86704,80
1788609822,540.18,99,86704,81
1788609827,530.57,99,86704,81
1788609832,530.08,99,86704,81
1788609837,528.90,99,86704,81
1788609842,529.58,99,86704,80
1788609847,529.69,99,86704,80
1788609852,529.28,99,86704,80
1788609857,530.16,99,86704,80
1788609862,529.12,99,86704,80
1788609867,529.20,99,86704,80
1788609872,529.79,99,86704,80
1788609877,544.72,99,86704,81
1788609882,529.92,98,86704,80
1788609887,547.72,99,86704,83
1788609892,535.29,99,86704,80
1788609897,528.31,99,86704,80
1788609902,528.93,99,86704,80
1788609908,547.52,99,86704,81
1788609913,529.35,99,86704,80
1788609918,530.80,99,86704,80
1788609923,530.28,99,86704,80
1788609928,531.17,99,86704,80
1788609933,530.35,99,86704,80
1788609938,529.95,99,86704,80
1788609943,530.59,99,86704,80
1788609948,531.14,99,86704,80
1788609953,530.61,99,86704,80
1788609958,529.12,99,86704,80
1788609963,536.64,98,86704,81
1788609968,530.41,99,86704,80
1788609973,547.40,98,86704,80
1788609978,530.08,99,86704,80
1788609983,530.27,99,86704,80
1788609988,530.27,99,86704,80
1788609993,547.27,99,86704,85
1788609998,529.11,99,86704,80
1788610003,528.48,99,86704,80
1788610008,529.45,99,86704,80
1788610013,529.08,99,86704,80
1788610018,530.07,99,86704,80
1788610024,529.25,99,86704,80
1788610029,530.01,99,86704,80
1788610034,528.51,98,86704,80
1788610039,544.80,100,86704,86
1788610044,544.16,100,86704,86
1788610049,539.43,99,86704,80
1788610054,536.95,99,86704,81
1788610059,554.04,100,86704,86
1788610064,530.53,99,86704,80
1788610069,530.20,99,86704,81
1788610074,530.66,99,86704,81
1788610079,557.72,100,86704,86
1788610084,530.42,99,86704,81
1788610089,530.14,99,86704,80
1788610094,533.64,99,86704,81
1788610099,556.52,99,86704,80
1788610104,537.20,99,86704,81
1788610109,530.87,99,86704,81
1788610114,530.26,99,86704,81
1788610119,542.98,99,86704,81
1788610124,530.57,99,86704,81
1788610129,544.99,99,86704,81
1788610134,530.77,99,86704,81
1788610139,531.36,99,86704,81
1788610144,530.55,99,86704,81
1788610149,530.74,99,86704,81
1788610155,530.56,99,86704,80
1788610160,558.55,99,86704,81
1788610165,530.37,99,86704,80
1788610170,556.33,99,86704,81
1788610175,530.60,99,86704,80
1788610180,530.83,99,86704,80
1788610185,530.69,99,86704,80
1788610190,531.25,99,86704,80
1788610195,552.78,100,86704,86
1788610200,559.39,99,86704,81
1788610205,549.16,99,86704,81
1788610210,531.88,99,86704,81
1788610215,556.60,100,86704,86
1788610220,531.57,99,86704,81
1788610225,531.82,99,86704,81
1788610230,531.78,99,86704,81
1788610235,531.61,99,86704,81
1788610240,543.16,80,86704,78
1788610245,532.36,99,86704,81
1788610250,535.04,99,86704,81
1788610255,533.29,99,86704,81
1788610260,541.29,99,86704,81
1788610265,530.93,99,86704,81
1788610270,531.80,99,86704,80
1788610276,530.41,99,86704,81
1788610281,544.12,98,86704,86
1788610286,535.69,98,86704,81
1788610291,530.91,99,86704,81
1788610296,530.95,99,86704,81
1788610301,532.16,99,86704,81
1788610306,532.55,99,86704,81
1788610311,531.12,99,86704,81
1788610316,531.91,99,86704,81
1788610321,539.72,99,86704,81
1788610326,541.78,99,86704,81
1788610331,531.72,99,86704,81
1788610336,541.89,99,86704,81
1788610341,542.29,98,86704,81
1788610346,538.46,99,86704,81
1788610351,532.49,99,86704,81
1788610356,532.24,99,86704,81
1788610361,531.54,99,86704,81
1788610366,542.32,99,86704,81
1788610371,531.75,99,86704,81
1788610376,531.76,99,86704,80
1788610381,545.29,99,86704,80
1788610386,532.66,99,86704,81
1788610391,533.71,99,86704,81
1788610397,558.74,98,86704,81
1788610402,546.19,99,86704,81
1788610407,532.29,99,86704,81
1788610412,532.15,99,86704,81
1788610417,546.23,99,86704,81
1788610422,531.59,99,86704,81
1788610427,532.10,99,86704,81
1788610432,531.54,99,86704,81
1788610437,531.65,99,86704,81
1788610442,531.64,99,86704,81
1788610447,540.75,99,86704,81
1788610452,531.37,99,86704,81
1788610457,531.21,99,86704,81
1788610462,531.16,99,86704,81
1788610467,545.54,99,86704,81
1788610472,531.82,99,86704,81
1788610477,531.85,99,86704,81
1788610482,530.99,98,86704,81
1788610487,531.91,99,86704,81
1788610492,534.40,99,86704,81
1788610497,531.92,99,86704,81
1788610502,531.57,99,86704,81
1788610507,531.13,99,86704,81
1788610512,530.49,99,86704,81
1788610517,529.53,99,86704,81
1788610523,532.30,99,86704,81
1788610528,529.17,99,86704,81
1788610533,530.08,99,86704,81
1788610538,561.99,98,86704,82
1788610543,529.95,99,86704,81
1788610548,530.38,99,86704,81
1788610553,530.98,99,86704,81
1788610558,531.39,99,86704,81
1788610563,530.85,99,86704,81
1788610568,547.05,99,86704,81
1788610573,546.35,99,86704,81
1788610578,541.75,99,86704,81
1788610583,547.87,99,86704,81
1788610588,546.89,99,86704,82
1788610593,532.19,99,86704,81
1788610598,532.63,99,86704,81
1788610603,532.10,99,86704,81
1788610608,532.28,99,86704,81
1788610613,532.59,99,86704,81
1788610618,531.03,99,86704,81
1788610623,530.49,99,86704,81
1788610628,546.19,99,86704,81
1788610633,530.45,99,86704,81
1788610639,543.16,99,86704,81
1788610644,536.54,99,86704,81
1788610649,535.72,99,86704,81
1788610654,530.73,99,86704,81
1788610659,550.34,98,86704,82
1788610664,530.41,99,86704,81
1788610669,531.22,99,86704,81
1788610674,531.35,99,86704,81
1788610679,531.52,99,86704,81
1788610684,547.08,99,86704,81
1788610689,532.37,99,86704,81
1788610694,537.27,99,86704,82
1788610699,530.44,99,86704,81
1788610704,541.31,99,86704,81
1788610709,531.68,99,86704,81
1788610714,530.69,99,86704,81
1788610719,537.74,99,86704,81
1788610724,531.10,99,86704,81
1788610729,531.57,98,86704,81
1788610734,541.94,99,86704,81
1788610739,537.40,99,86704,81
1788610744,531.52,99,86704,81
1788610749,550.61,99,86704,81
1788610754,537.38,99,86704,81
1788610760,529.77,99,86704,81
1788610765,530.34,99,86704,81
1788610770,530.41,99,86704,81
1788610775,529.43,99,86704,81
1788610780,530.55,99,86704,81
1788610785,530.05,99,86704,80
1788610790,529.89,99,86704,81
1788610795,533.37,97,86704,84
1788610800,125.72,0,2,69
1788610805,60.37,0,4,65
1788610810,23.69,0,4,61
1788610815,20.81,0,4,59
1788610820,19.67,0,4,56
1788610825,18.90,0,4,55
1788610830,96.11,4,22666,55
1788610835,95.32,4,22666,54
1788610840,93.18,0,22706,53
1788610845,102.11,0,22806,53
1788610850,103.30,0,87446,52
1788610855,114.71,4,86194,52
1788610860,89.69,0,86196,51
1788610865,91.56,0,87114,50
1788610870,138.93,0,87674,51
1788610875,450.03,100,89778,62
1788610880,448.16,100,89818,65
1788610885,514.42,99,89902,69
1788610890,247.99,33,90144,60
1788610895,160.99,16,90424,57
1788610900,142.04,1,88814,55
1788610905,107.61,0,89188,53
1788610910,101.91,0,90156,52
1788610915,88.93,0,90176,51
1788610921,88.53,0,90176,50
1788610926,87.65,0,90176,50
1788610931,67.79,0,2,49
1788610936,55.05,0,4,47
1788610941,88.31,4,3150,48
1788610946,173.44,81,5968,52
1788610951,167.14,89,6000,53
1788610956,194.53,80,6096,52
1788610961,184.17,0,6288,54
1788610966,86.80,0,6294,48
1788610971,92.27,8,11384,48
1788610976,109.84,21,22616,49
1788610981,110.55,5,43608,47
1788610986,105.38,14,61144,47
1788610991,109.80,15,82136,47
1788610996,85.97,0,87832,46
1788611001,86.01,0,87832,46
1788611006,237.93,98,88146,52
1788611011,194.52,100,88148,51
1788611016,206.77,100,88148,52
1788611021,174.93,0,88404,49
1788611026,350.48,93,88414,59
1788611031,224.00,99,88414,54
1788611036,246.94,27,88420,56
1788611041,448.70,93,88420,62
1788611046,459.38,94,88420,64
1788611051,254.31,93,88420,63
1788611056,462.63,93,88420,66
1788611061,458.46,67,88420,69
1788611066,467.08,93,88420,69
1788611071,448.98,92,88432,69
1788611076,459.51,93,88432,70
1788611081,441.38,54,88442,69
1788611086,449.30,92,88454,71
1788611091,466.20,93,88454,72
1788611096,471.63,95,88454,72
1788611101,472.74,94,88454,72
1788611107,477.44,94,88454,73
1788611112,471.78,92,88454,74
1788611117,440.72,94,89424,74
1788611122,426.72,57,89426,72
1788611127,453.64,92,89430,75
1788611132,477.22,93,89430,75
1788611137,472.81,93,89430,75
1788611142,473.49,94,89430,75
1788611147,461.28,73,89436,76
1788611152,447.55,59,89436,71
1788611157,455.81,90,89436,76
1788611162,482.71,94,89436,76
1788611167,483.55,94,89436,77
1788611172,476.53,93,89436,77
1788611177,297.42,0,89436,67
1788611182,473.59,92,89436,76
1788611187,473.67,94,89436,77
1788611192,471.15,93,89436,77
1788611197,460.96,94,89436,77
1788611202,476.11,93,89436,77
1788611207,485.91,92,89436,77
1788611212,471.10,68,89436,78
1788611217,457.02,93,89436,77
1788611222,481.74,94,89436,77
1788611227,478.52,97,89436,80
1788611232,296.19,0,89436,68
1788611237,247.54,92,89436,75
1788611242,465.46,91,89450,77
1788611247,487.49,93,89450,78
1788611252,468.48,93,89450,77
1788611257,470.11,93,89450,78
1788611262,478.19,93,89450,77
1788611267,486.29,93,89450,78
1788611272,483.58,94,89450,77
1788611277,472.64,88,89450,76
1788611282,472.48,92,89450,78
1788611288,476.30,93,89450,78
1788611293,464.87,93,89450,78
1788611298,488.10,93,89462,79
1788611303,478.08,93,89462,78
1788611308,476.85,58,89462,77
1788611313,459.09,80,89462,77
1788611318,471.06,92,89462,78
1788611323,475.29,93,89462,78
1788611328,480.10,93,89462,78
1788611333,481.98,93,89462,79
1788611338,487.67,93,89462,79
1788611343,484.98,92,89462,79
1788611348,470.21,73,89462,79
1788611353,486.72,92,89464,78
1788611358,459.79,92,89464,78
1788611363,480.51,92,89464,78
1788611368,469.35,92,89464,78
1788611373,476.92,92,89464,79
1788611378,462.80,94,89464,78
1788611383,479.40,93,89464,79
1788611388,460.47,92,89464,78
1788611393,446.71,92,89464,78
1788611398,486.51,94,89464,79
1788611403,486.29,71,89464,77
1788611408,488.28,93,89474,79
1788611413,479.83,92,89474,78
1788611418,501.01,99,89512,81
1788611423,468.18,93,89512,78
1788611428,485.95,87,89512,80
1788611433,482.62,92,89512,78
1788611438,461.85,93,89512,78
1788611443,479.69,94,89512,78
1788611448,478.93,93,89512,78
1788611453,468.96,94,89512,78
1788611458,482.08,92,89512,79
1788611463,487.43,92,89512,79
1788611469,468.54,93,89512,78
1788611474,478.62,93,89512,78
1788611479,483.41,93,89512,78
1788611484,471.20,93,89512,78
1788611489,469.01,65,89512,74
1788611494,467.17,51,89512,77
1788611499,487.85,94,89512,79
1788611504,468.75,93,89512,78
1788611509,494.41,98,89512,81
1788611514,478.57,94,89512,78
1788611519,456.22,64,89512,74
1788611524,479.13,93,89512,78
1788611529,482.60,76,89514,79
1788611534,464.94,93,89514,79
1788611539,471.65,93,89514,78
1788611544,490.21,93,89514,79
1788611549,470.06,92,89514,78
1788611554,458.00,94,89514,78
1788611559,479.97,93,89514,78
1788611564,471.44,72,89514,78
1788611569,478.16,93,89514,78
1788611574,484.95,93,89514,78
1788611579,462.41,56,89514,77
1788611584,478.42,83,89514,78
1788611589,463.06,93,89514,78
1788611594,486.58,94,89514,79
1788611599,479.52,94,89514,79
1788611604,476.27,93,89514,78
1788611609,480.36,93,89514,79
1788611614,476.21,93,89514,78
1788611619,480.36,70,89514,79
1788611624,488.56,93,89514,79
1788611629,484.98,92,89514,78
1788611634,488.07,93,89514,79
1788611639,475.69,93,89514,78
1788611644,469.65,92,89514,79
1788611650,476.88,93,89514,79
1788611655,467.59,93,89514,78
1788611660,485.56,93,89514,79
1788611665,470.00,92,89514,78
1788611670,480.05,70,89516,79
1788611675,464.04,92,89516,78
1788611680,475.82,93,89516,79
1788611685,479.96,93,89516,79
1788611690,492.18,92,89516,78
1788611695,483.15,94,89516,79
1788611700,475.10,92,89524,79
1788611705,492.85,95,89524,80
1788611710,498.64,92,89524,79
1788611715,473.36,93,89524,79
1788611720,470.56,93,89524,79
1788611725,463.74,86,89524,80
1788611730,490.38,93,89524,78
1788611735,489.46,92,89524,79
1788611740,473.92,68,89524,79
1788611745,469.03,67,89524,75
1788611750,470.98,93,89524,79
1788611755,470.63,93,89524,78
1788611760,485.11,92,89524,79
1788611765,479.79,93,89524,79
1788611770,469.97,94,89524,78
1788611775,487.29,92,89524,79
1788611780,475.13,93,89524,78
1788611785,474.60,68,89524,76
1788611790,332.32,93,89524,77
1788611795,470.24,56,89526,76
1788611800,477.52,71,89526,79
1788611805,489.25,92,89526,78
1788611810,472.40,94,89526,77
1788611815,458.81,94,89526,77
1788611820,468.16,94,89526,78
1788611825,472.41,56,89526,79
1788611831,493.70,94,89526,79
1788611836,464.24,92,89526,78
1788611841,472.43,94,89526,78
1788611846,477.97,93,89526,78
1788611851,482.40,92,89526,79
1788611856,480.07,93,89526,78
1788611861,482.00,93,89526,78
1788611866,470.88,94,89526,79
1788611871,474.41,65,89526,79
1788611876,476.19,93,89526,78
1788611881,474.26,92,89526,79
1788611886,462.10,89,89526,78
1788611891,486.01,93,89526,79
1788611896,486.48,92,89526,79
1788611901,482.23,93,89526,79
1788611906,476.73,58,89526,75
1788611911,477.15,67,89526,79
1788611916,470.23,94,89526,78
1788611921,474.09,94,89526,79
1788611926,469.80,55,89526,76
1788611931,476.47,93,89526,79
1788611936,487.53,92,89526,78
1788611941,484.22,92,89526,79
1788611946,488.03,92,89526,79
1788611951,482.27,55,89526,76
1788611956,464.14,92,89526,79
1788611961,473.34,69,89526,79
1788611966,470.09,93,89526,79
1788611971,487.25,93,89526,79
1788611976,474.09,93,89526,78
1788611981,467.37,93,89526,78
1788611986,476.88,93,89526,78
1788611991,491.24,92,89528,79
1788611996,482.33,92,89528,79
1788612001,475.93,93,89528,78
1788612007,485.37,92,89528,79
1788612012,488.79,92,89528,79
1788612017,481.99,93,89528,79
1788612022,479.60,93,89528,79
1788612027,456.15,47,89528,74
1788612032,473.76,57,89528,74
1788612037,493.61,93,89528,78
1788612042,481.67,93,89528,78
1788612047,483.16,92,89542,79
1788612052,482.24,94,89542,78
1788612057,451.55,92,89542,79
1788612062,466.64,93,89542,78
1788612067,486.42,94,89542,78
1788612072,422.06,92,89542,77
1788612077,481.35,93,89542,78
1788612082,477.17,93,89542,79
1788612087,479.57,94,89542,78
1788612092,462.14,92,89542,78
1788612097,486.13,93,89542,78
1788612102,479.61,94,89542,79
1788612107,464.96,94,89542,78
1788612112,487.57,93,89542,78
1788612117,482.35,92,89542,78
1788612122,467.07,94,89542,78
1788612127,467.80,94,89542,78
1788612132,476.85,56,89542,74
1788612137,483.45,93,89542,78
1788612142,476.04,92,89542,78
1788612147,490.69,92,89542,78
1788612152,469.62,92,89542,78
1788612157,443.55,65,89542,74
1788612162,478.51,93,89542,78
1788612167,482.42,93,89542,79
1788612172,478.22,93,89548,78
1788612177,468.68,92,89548,79
1788612182,473.04,92,89548,78
1788612188,472.91,93,89548,78
1788612193,478.55,93,89548,79
1788612198,488.41,92,89548,79
1788612203,462.48,94,89548,78
1788612208,470.45,92,89548,79
1788612213,475.89,65,89548,79
1788612218,473.78,92,89548,79
1788612223,484.88,93,89548,78
1788612228,491.86,93,89548,79
1788612233,481.27,93,89550,78
1788612238,486.57,93,89550,78
1788612243,480.26,92,89550,79
1788612248,469.30,92,89550,79
1788612253,483.98,92,89550,79
1788612258,451.18,75,89550,77
1788612263,481.24,93,89550,79
1788612268,463.32,77,89550,77
1788612273,488.16,93,89550,78
1788612278,473.19,94,89550,78
1788612283,464.61,93,89550,79
1788612288,489.02,92,89550,79
1788612293,487.32,93,89550,78
1788612298,480.29,92,89550,79
1788612303,478.24,94,89556,79
1788612308,476.79,93,89556,79
1788612313,492.56,93,89556,78
1788612318,467.99,93,89560,79
1788612323,547.91,89,89592,81
1788612328,464.11,92,89592,78
1788612333,477.79,92,89592,78
1788612338,476.51,93,89594,79
1788612343,440.47,93,89594,78
1788612348,476.71,94,89594,78
1788612353,487.34,93,89594,78
1788612358,470.98,94,89594,78
1788612364,486.72,93,89594,79
1788612369,495.90,98,89594,81
1788612374,483.39,93,89594,79
1788612379,478.34,93,89594,79
1788612384,483.81,66,89594,79
1788612389,450.90,94,89594,78
1788612394,476.17,92,89594,78
1788612399,464.68,64,89594,78
1788612404,461.25,55,89594,73
1788612409,458.08,94,89594,78
1788612414,487.19,92,89594,79
1788612419,478.64,94,89594,78
1788612424,473.75,68,89594,75
1788612429,449.20,54,89594,73
1788612434,481.50,93,89594,78
1788612439,489.67,89,89594,79
1788612444,489.94,94,89594,78
1788612449,452.33,90,89594,80
1788612454,484.68,93,89594,78
1788612459,471.94,93,89594,78
1788612464,476.69,94,89594,78
1788612469,480.31,94,89594,78
1788612474,474.59,94,89594,78
1788612479,474.20,92,89594,79
1788612484,477.65,92,89594,78
1788612489,478.78,94,89594,78
1788612494,472.22,93,89594,79
1788612499,468.03,80,89594,78
1788612504,487.96,94,89594,78
1788612509,469.97,92,89594,78
1788612514,468.88,93,89594,78
1788612519,468.48,93,89594,78
1788612524,482.23,94,89594,79
1788612529,483.18,92,89594,79
1788612534,489.13,93,89594,78
1788612539,482.81,93,89594,78
1788612545,488.90,92,89594,79
1788612550,490.11,93,89594,78
1788612555,482.43,97,89594,81
1788612560,481.41,92,89594,79
1788612565,468.38,92,89594,78
1788612570,477.16,93,89594,78
1788612575,471.91,94,89594,77
1788612580,479.55,93,89594,79
1788612585,469.75,93,89594,78
1788612590,479.83,76,89594,75
1788612595,487.61,93,89594,79
1788612600,472.06,93,89594,78
1788612605,475.97,86,89594,79
1788612610,474.03,94,89594,78
1788612615,465.34,94,89594,79
1788612620,489.07,93,89594,79
1788612625,484.13,92,89594,79
1788612630,540.29,99,89658,81
1788612635,476.11,83,89660,77
1788612640,476.35,93,89660,78
1788612645,480.48,92,89660,78
1788612650,464.55,92,89660,78
1788612655,470.06,93,89660,78
1788612660,484.84,77,89660,76
1788612665,472.46,93,89660,78
1788612670,485.54,92,89660,79
1788612675,481.76,94,89660,78
1788612680,486.67,87,89660,79
1788612685,478.35,93,89660,78
1788612690,471.38,59,89660,79
1788612695,493.17,98,89660,81
1788612700,489.38,94,89660,79
1788612705,486.99,92,89660,79
1788612710,488.18,93,89660,78
1788612715,479.20,92,89660,79
1788612721,462.43,93,89660,79
1788612726,461.13,94,89660,78
1788612731,460.73,94,89660,78
1788612736,476.52,93,89660,78
1788612741,482.48,93,89660,78
1788612746,469.86,92,89660,78
1788612751,480.70,91,89660,79
1788612756,466.17,62,89660,79
1788612761,481.13,92,89660,79
1788612766,478.73,94,89660,78
1788612771,482.31,94,89660,79
1788612776,461.94,68,89660,78
1788612781,478.97,94,89660,78
1788612786,482.14,92,89660,78
1788612791,467.82,93,89660,78
1788612796,460.88,65,89660,78
1788612801,474.05,94,89660,79
1788612806,489.75,92,89660,79
1788612811,478.14,93,89660,79
1788612816,461.77,92,89660,79
1788612821,469.08,93,89660,79
1788612826,477.51,93,89660,78
1788612831,485.17,93,89660,78
1788612836,478.54,92,89660,79
1788612841,468.11,93,89660,79
1788612846,482.42,93,89660,79
1788612851,487.61,93,89660,79
1788612856,478.58,92,89660,78
1788612861,484.73,63,89660,74
1788612866,472.29,94,89660,79
1788612871,484.89,93,89660,79
1788612876,474.72,93,89660,79
1788612881,483.76,92,89660,79
1788612886,467.80,93,89660,79
1788612891,485.36,92,89660,79
1788612896,456.64,92,89660,78
1788612902,469.33,62,89660,74
1788612907,460.72,92,89660,78
1788612912,448.01,92,89660,77
1788612917,477.32,93,89660,79
1788612922,482.37,93,89660,79
1788612927,476.76,92,89664,79
1788612932,487.53,92,89664,79
1788612937,484.57,91,89664,79
1788612942,477.40,93,89664,78
1788612947,460.20,94,89664,78
1788612952,469.89,93,89664,78
1788612957,483.35,79,89664,76
1788612962,478.04,92,89664,77
1788612967,457.35,93,89664,78
1788612972,469.82,94,89664,78
1788612977,461.43,93,89664,79
1788612982,463.35,92,89664,79
1788612987,479.96,93,89664,78
1788612992,458.07,67,89664,77
1788612997,477.75,94,89664,78
1788613002,484.72,94,89664,79
1788613007,472.01,94,89664,78
1788613012,473.35,70,89664,80
1788613017,470.66,48,89664,74
1788613022,481.50,92,89664,79
1788613027,486.01,92,89664,78
1788613032,473.52,93,89664,79
1788613037,440.33,92,89664,77
1788613042,478.37,93,89664,78
1788613047,478.12,94,89664,78
1788613052,488.55,93,89664,78
1788613057,480.67,93,89664,78
1788613062,481.61,92,89664,78
1788613067,487.80,92,89664,79
1788613072,474.35,67,89664,74
1788613078,476.74,93,89664,78
1788613083,477.88,93,89664,79
1788613088,470.26,94,89664,79
1788613093,480.61,93,89664,78
1788613098,482.67,86,89664,77
1788613103,473.07,93,89664,79
1788613108,467.93,88,89664,77
1788613113,474.98,94,89664,79
1788613118,484.99,93,89664,79
1788613123,463.22,93,89664,79
1788613128,486.66,92,89664,78
1788613133,476.15,94,89664,79
1788613138,479.02,94,89664,78
1788613143,482.45,93,89664,78
1788613148,489.69,93,89664,79
1788613153,479.96,93,89664,79
1788613158,485.40,92,89664,78
1788613163,478.04,93,89664,79
1788613168,464.34,93,89666,79
1788613173,480.47,92,89666,79
1788613178,449.33,57,89666,77
1788613183,478.33,93,89666,79
1788613188,467.97,93,89666,79
1788613193,480.83,92,89666,79
1788613198,463.72,93,89666,78
1788613203,460.21,93,89666,79
1788613208,475.55,93,89666,78
1788613213,466.08,93,89666,78
1788613218,475.36,94,89666,79
1788613223,463.88,92,89666,78
1788613228,313.80,58,89666,78
1788613233,486.44,93,89666,78
1788613238,471.31,94,89666,78
1788613243,460.64,94,89666,78
1788613248,462.75,94,89666,78
1788613254,476.44,92,89666,78
1788613259,482.76,92,89666,79
1788613264,470.84,94,89666,78
1788613269,456.90,94,89666,78
1788613274,482.56,73,89666,79
1788613279,485.10,94,89666,78
1788613284,475.61,93,89666,79
1788613289,477.52,93,89666,78
1788613294,462.26,94,89666,78
1788613299,466.53,93,89666,77
1788613304,462.09,93,89666,78
1788613309,471.17,90,89668,79
1788613314,478.57,93,89668,78
1788613319,473.89,94,89668,78
1788613324,476.45,93,89668,78
1788613329,476.93,93,89668,79
1788613334,486.24,92,89668,78
1788613339,477.52,94,89668,79
1788613344,465.93,93,89668,78
1788613349,460.20,94,89668,78
1788613354,456.38,93,89668,78
1788613359,483.92,93,89668,79
1788613364,477.59,94,89668,79
1788613369,463.58,94,89668,79
1788613374,471.49,93,89668,79
1788613379,466.47,94,89668,79
1788613384,456.11,93,89668,79
1788613389,481.01,94,89668,78
1788613394,487.69,93,89668,78
1788613399,477.02,93,89668,78
1788613404,482.02,92,89668,78
1788613409,473.45,93,89668,79
1788613414,474.81,93,89668,78
1788613419,487.01,79,89668,80
1788613424,484.14,92,89668,79
1788613429,458.46,92,89668,78
1788613435,465.56,93,89668,78
1788613440,480.49,93,89668,78
1788613445,484.14,94,89668,79
1788613450,474.37,93,89668,78
1788613455,467.06,94,89668,79
1788613460,477.95,93,89668,78
1788613465,483.89,94,89668,79
1788613470,460.21,92,89668,79
1788613475,99.50,0,89668,65
1788613480,98.45,0,89668,63
1788613485,97.15,0,89668,61
1788613490,61.17,0,89668,58
1788613495,213.60,0,89674,58
1788613500,464.48,92,89674,69
1788613505,463.96,92,89674,71
1788613510,96.32,0,89674,58
1788613515,94.54,0,89674,57
1788613520,93.39,0,89674,55
1788613525,56.47,0,89674,53
1788613530,18.04,0,89674,51
1788613535,16.95,0,89674,50
1788613540,120.94,96,89674,60
1788613545,452.25,92,89674,63
1788613550,146.31,0,89674,55
1788613555,90.05,0,89674,52
1788613560,89.17,0,89674,51
1788613565,88.06,0,89674,50
1788613570,33.56,0,89674,48
1788613575,17.61,0,89674,47
1788613580,17.58,0,89674,46
1788613585,447.58,92,89674,58
1788613590,453.19,94,89674,61
1788613595,245.11,0,89674,54
1788613600,88.94,0,89674,51
1788613605,88.05,0,89674,50
1788613611,87.15,0,89674,49
1788613616,22.61,0,89674,47
1788613621,16.75,0,89674,46
1788613626,15.84,0,89674,45
1788613631,443.16,89,89686,58
1788613636,443.16,98,89686,64
1788613641,436.13,89,89686,62
1788613646,422.85,89,89686,63
1788613651,90.81,0,89686,53
1788613656,89.68,0,89686,51
1788613661,89.25,0,89686,50
1788613666,66.11,0,89686,49
1788613671,16.80,0,89686,47
1788613676,16.22,0,89686,46
1788613681,185.63,95,89686,57
1788613686,433.49,89,89686,60
1788613691,436.59,89,89686,61
1788613696,428.73,86,89686,63
1788613701,440.57,87,89686,64
1788613706,445.80,87,89686,65
1788613711,109.90,0,89686,56
1788613716,91.43,0,89686,53
1788613721,90.15,0,89686,52
1788613726,86.30,0,89686,51
1788613731,18.45,0,89686,49
1788613736,16.27,0,89686,47
1788613741,16.24,0,89686,46
1788613746,15.86,0,89686,45
1788613751,434.75,89,89686,58
1788613756,435.83,86,89686,60
1788613761,438.71,89,89686,63
1788613766,450.63,89,89686,64
1788613771,435.12,85,89686,63
1788613776,92.56,0,89686,55
1788613782,91.21,0,89686,53
1788613787,89.64,0,89686,52
1788613792,77.95,0,89686,50
1788613797,16.36,0,89686,48
1788613802,16.03,0,89686,47
1788613807,212.62,99,89686,61
1788613812,440.58,92,89686,60
1788613817,488.71,99,89686,65
1788613822,494.72,99,89686,67
1788613827,123.47,0,89686,56
1788613832,90.14,0,89686,53
1788613837,89.19,0,89686,52
1788613842,88.37,0,89686,51
1788613847,16.92,0,89686,48
1788613852,16.18,0,89686,47
1788613857,15.78,0,89686,46
1788613862,282.91,92,89686,57
1788613867,508.96,94,89686,61
1788613872,438.37,91,89686,62
1788613877,97.11,0,89686,52
1788613882,88.63,0,89686,51
1788613887,87.54,0,89686,50
1788613892,56.06,0,89686,48
1788613897,16.36,0,89686,47
1788613902,15.66,0,89686,46
1788613907,15.83,0,89686,45
1788613912,460.86,94,89686,57
1788613917,442.17,93,89686,60
1788613922,104.49,0,89686,51
1788613927,87.90,0,89686,50
1788613932,87.67,0,89686,49
1788613937,87.14,0,89686,48
1788613942,17.64,0,89686,46
1788613947,15.78,0,89686,45
1788613953,16.48,0,89686,44
1788613958,564.52,72,89686,58
1788613963,401.62,87,89686,60
1788613968,395.51,78,89686,60
1788613973,431.64,86,89686,64
1788613978,481.61,84,89686,65
1788613983,508.36,85,89686,66
1788613988,407.77,86,89686,65
1788613993,102.46,0,89686,56
1788613998,92.15,0,89686,54
1788614003,90.02,0,89686,53
1788614008,58.20,0,89686,51
1788614013,17.08,0,89686,49
1788614018,16.34,0,89686,48
1788614023,16.09,0,89686,47
1788614028,546.70,99,89686,64
1788614033,448.93,89,89686,63
1788614038,468.56,99,89686,68
1788614043,468.24,99,89686,70
1788614048,481.04,99,89686,72
1788614053,399.37,77,89686,67
1788614058,462.79,99,89686,72
1788614063,447.59,93,89686,70
1788614068,95.69,0,89686,58
1788614073,93.35,0,89686,56
1788614078,91.66,0,89686,54
1788614083,57.62,0,89686,52
1788614088,18.16,0,89686,50
1788614093,16.47,0,89686,49
1788614098,507.11,99,89686,64
1788614103,390.22,87,89686,63
1788614108,534.99,86,89686,65
1788614113,462.95,99,89686,69
1788614119,526.19,86,89686,67
1788614124,507.37,99,89686,72
1788614129,452.80,87,89686,70
1788614134,430.11,85,89686,69
1788614139,176.34,0,89686,61
1788614144,95.51,0,89686,58
1788614149,93.81,0,89686,56
1788614154,91.67,0,89686,55
1788614159,36.48,0,89686,52
1788614164,16.75,0,89686,50
1788614169,16.93,0,89686,49
1788614174,506.97,99,89686,66
1788614179,416.01,0,89688,56
1788614184,332.05,94,89688,64
1788614189,558.30,100,89688,71
1788614194,496.21,100,89688,71
1788614199,518.46,99,89688,73
1788614204,443.35,100,89688,73
1788614209,327.02,99,89688,74
1788614214,427.03,100,89688,75
1788614219,564.71,99,89688,73
1788614224,116.36,0,89688,63
1788614229,96.24,0,89688,59
1788614234,94.86,0,89688,57
1788614239,80.85,0,89688,55
1788614244,23.61,0,89688,53
1788614249,16.74,0,89688,51
1788614254,22.71,86,89688,55
1788614259,553.64,99,89688,69
1788614264,405.30,93,89688,66
1788614269,465.55,93,89688,68
1788614274,573.71,94,89752,73
1788614279,425.21,99,89752,73
1788614284,494.33,92,89752,73
1788614290,97.13,0,89752,59
1788614295,94.99,0,89752,57
1788614300,93.59,0,89752,56
1788614305,59.42,0,89752,53
1788614310,19.13,0,89752,51
1788614315,20.24,0,89752,50
1788614320,572.08,95,89752,64
1788614325,579.18,99,89752,69
1788614330,512.90,92,89752,66
1788614335,573.65,99,89752,72
1788614340,578.37,99,89752,74
1788614345,449.65,92,89752,70
1788614350,114.08,0,89752,60
1788614355,94.41,0,89752,57
1788614360,92.73,0,89752,56
1788614365,91.22,0,89752,54
1788614370,20.52,0,89752,51
1788614375,20.35,0,89752,50
1788614380,19.49,0,89752,49
1788614385,368.87,81,89752,60
1788614390,535.87,99,89752,68
1788614395,531.22,54,89752,67
1788614400,532.03,99,89752,72
1788614405,412.32,4,89752,64
1788614410,410.96,80,89752,70
1788614415,583.99,99,89752,77
1788614420,583.67,100,89752,78
1788614425,587.15,99,89752,78
1788614430,439.44,99,89752,77
1788614435,532.14,94,89752,79
1788614440,549.07,99,89752,80
1788614445,587.03,99,89752,81
1788614450,517.33,99,89752,81
1788614455,492.26,99,89752,81
1788614461,476.79,92,89752,78
1788614466,98.84,0,89752,64
1788614471,97.74,0,89752,61
1788614476,96.54,0,89752,60
1788614481,33.58,0,89752,56
1788614486,18.40,0,89752,54
1788614491,17.93,0,89752,53
1788614496,542.36,99,89752,67
1788614501,448.23,95,89752,69
1788614506,583.70,99,89752,73
1788614511,503.59,99,89752,74
1788614516,417.33,99,89752,74
1788614521,590.30,99,89752,77
1788614526,574.06,75,89752,72
1788614531,573.95,99,89752,77
1788614536,522.06,87,89752,78
1788614541,540.91,99,89752,80
1788614546,578.65,99,89752,81
1788614551,589.78,99,89752,82
1788614556,559.25,34,89752,78
1788614561,599.97,99,89752,83
1788614566,544.90,0,89752,74
1788614571,592.68,100,89752,83
1788614576,403.84,84,89752,79
1788614581,122.96,0,89752,68
1788614586,98.70,0,89752,64
1788614591,97.34,0,89752,62
1788614596,92.26,0,89752,59
1788614601,23.01,0,89752,56
1788614606,18.51,0,89752,54
1788614611,17.54,0,89752,53
1788614616,572.03,99,89752,70
1788614621,546.77,93,89752,71
1788614626,558.10,99,89752,74
1788614632,578.39,100,89752,76
1788614637,560.13,99,89752,77
1788614642,588.45,99,89752,79
1788614647,581.70,99,89880,79
1788614652,592.64,99,89880,80
1788614657,578.51,99,89880,81
1788614662,586.97,99,89880,82
1788614667,589.63,99,89880,80
1788614672,455.09,99,89880,81
1788614677,586.21,99,89880,82
1788614682,336.26,29,89880,73
1788614687,572.27,99,89880,82
1788614692,457.54,93,89880,79
1788614697,99.69,0,89880,65
1788614702,98.18,0,89880,63
1788614707,97.08,0,89880,61
1788614712,61.79,0,89880,58
1788614717,19.35,0,89880,55
1788614722,18.55,0,89880,53
1788614727,251.90,76,89880,66
1788614732,91.41,0,89880,54
1788614737,90.42,0,89880,53
1788614742,89.73,0,89880,52
1788614747,48.89,0,89880,50
1788614752,16.93,0,89880,48
1788614757,16.95,0,89880,47
1788614762,497.25,99,89880,63
1788614767,87.82,0,89880,50
1788614772,87.53,0,89880,49
1788614777,87.34,0,89880,48
1788614782,54.69,0,89880,47
1788614787,15.95,0,89880,46
1788614792,16.00,0,89880,45
1788614798,103.82,0,89880,48
1788614803,86.81,0,89880,47
1788614808,86.68,0,89880,47
1788614813,79.02,0,89880,46
1788614818,18.58,0,89880,44
1788614823,15.45,0,89880,44
1788614828,544.90,99,89880,60
1788614833,294.52,0,89880,52
1788614838,87.59,0,89880,49
1788614843,87.81,0,89880,48
1788614848,86.73,0,89880,47
1788614853,43.28,0,89880,46
1788614858,15.69,0,89880,45
1788614863,172.02,99,89880,58
1788614868,569.38,99,89880,64
1788614873,548.21,99,89880,66
1788614878,89.32,0,89880,51
1788614883,88.10,0,89880,50
1788614888,87.20,0,89880,49
1788614893,55.42,0,89880,47
1788614898,16.81,0,89880,46
1788614903,240.81,95,89880,59
1788614908,567.53,99,89880,64
1788614913,422.73,0,89880,55
1788614918,89.41,0,89880,51
1788614923,88.14,0,89880,50
1788614928,87.89,0,89880,49
1788614933,52.10,0,89880,47
1788614938,16.79,0,89880,46
1788614943,568.75,99,89880,62
1788614948,274.30,100,89880,63
1788614953,404.58,0,89880,54
1788614958,318.40,100,89880,66
1788614963,397.05,0,89880,55
1788614968,570.62,94,89880,69
1788614974,573.29,99,89880,72
1788614979,576.51,100,89880,73
1788614984,415.21,0,89880,62
1788614989,536.36,99,89882,73
1788614994,556.82,58,89882,73
1788614999,97.31,0,89882,60
1788615004,94.72,0,89882,57
1788615009,93.54,0,89882,55
1788615014,66.38,0,89882,53
1788615019,17.87,0,89882,51
1788615024,16.86,0,89882,49
1788615029,578.18,99,89882,69
1788615034,577.66,100,89882,71
1788615039,584.57,99,89882,72
1788615044,501.17,95,89882,74
1788615049,588.96,99,89882,77
1788615054,592.68,99,89882,77
1788615059,591.02,100,89882,78
1788615064,573.00,100,89882,79
1788615069,98.04,0,89882,62
1788615074,96.56,0,89882,60
1788615079,95.11,0,89882,58
1788615084,57.42,0,89882,55
1788615089,21.46,0,89882,53
1788615094,19.18,0,89882,51
1788615099,559.65,99,89882,68
1788615104,336.93,99,89882,70
1788615109,577.22,99,89882,73
1788615114,585.76,100,89882,75
1788615119,585.06,100,89882,77
1788615124,585.66,100,89882,77
1788615129,567.14,99,89882,79
1788615134,541.93,67,89882,78
1788615140,98.19,0,89882,63
1788615145,111.57,0,2,61
1788615150,57.25,0,4,57
1788615155,19.79,0,4,55
1788615160,18.65,0,4,53
1788615165,16.83,0,4,51
1788615170,16.43,0,4,50
1788615175,91.32,4,22666,51
1788615180,91.60,3,22666,50
1788615185,90.31,3,22666,49
1788615190,104.38,6,22906,49
1788615195,87.99,7,28406,48
1788615200,125.33,5,86132,49
1788615205,87.70,0,86196,48
1788615210,98.71,2,86874,47
1788615215,129.76,16,87354,48
1788615220,383.60,100,89776,59
1788615225,439.75,100,89814,62
1788615230,513.09,85,89890,62
1788615235,271.52,46,90098,60
1788615240,168.93,15,90358,55
1788615245,101.25,0,88688,52
1788615250,106.15,0,89042,51
1788615255,97.84,0,89996,51
1788615260,87.97,0,90176,50
1788615265,87.04,0,90176,49
1788615270,86.74,0,90176,48
1788615275,54.87,0,90176,47
1788615280,15.96,0,90176,46
1788615285,15.49,0,90176,45
1788615290,471.45,98,90198,56
1788615295,404.40,0,90198,52
1788615300,484.65,98,90198,61
1788615305,490.20,98,90198,63
1788615310,491.83,98,90198,65
1788615315,494.23,98,90198,66
1788615321,496.65,98,90198,68
1788615326,501.29,98,90198,69
1788615331,505.42,98,90198,70
1788615336,507.54,98,90198,71
1788615341,510.11,98,90198,72
1788615346,512.83,98,90198,73
1788615351,514.57,98,90198,74
1788615356,516.07,98,90198,74
1788615361,516.71,98,90198,75
1788615366,516.58,98,90198,75
1788615371,519.17,98,90198,76
1788615376,519.29,98,90198,76
1788615381,520.33,98,90198,77
1788615386,520.48,98,90198,77
1788615391,521.46,98,90198,78
1788615396,522.31,98,90198,78
1788615401,524.29,98,90198,78
1788615406,524.60,98,90198,78
1788615411,526.22,98,90198,78
1788615416,525.07,98,90198,79
1788615421,525.73,98,90198,79
1788615426,527.37,98,90198,79
1788615431,527.01,98,90198,79
1788615436,527.60,98,90198,79
1788615441,529.06,98,90198,80
1788615446,529.94,98,90198,80
1788615451,531.03,98,90198,80
1788615456,530.58,98,90198,80
1788615462,532.44,98,90198,80
1788615467,530.60,98,90198,80
1788615472,533.16,98,90198,81
1788615477,533.68,98,90198,81
1788615482,534.55,98,90198,81
1788615487,533.28,98,90198,81
1788615492,534.16,98,90198,81
1788615497,535.11,98,90198,81
1788615502,536.28,98,90198,81
1788615507,535.32,98,90198,81
1788615512,536.74,98,90198,81
1788615517,537.79,98,90198,81
1788615522,537.11,98,90198,81
1788615527,537.30,98,90198,81
1788615532,538.03,98,90198,82
1788615537,539.28,98,90198,81
1788615542,539.79,98,90198,82
1788615547,540.26,98,90198,82
1788615552,540.35,98,90198,82
1788615557,540.78,98,90198,82
1788615562,541.24,98,90198,82
1788615567,541.57,98,90198,82
1788615572,544.86,98,90198,82
1788615577,545.97,98,90198,82
1788615582,540.69,98,90198,82
1788615587,539.74,98,90198,82
1788615592,540.43,98,90198,82
1788615597,540.76,98,90198,82
1788615602,541.27,98,90198,82
1788615607,541.38,98,90198,82
1788615613,541.83,98,90198,83
1788615618,542.00,98,90198,82
1788615623,540.16,98,90198,82
1788615628,547.13,98,90198,83
1788615633,538.17,98,90198,82
1788615638,538.42,98,90198,82
1788615643,538.83,98,90198,82
1788615648,538.77,98,90198,82
1788615653,538.42,98,90198,82
1788615658,540.04,98,90198,82
1788615663,538.79,98,90198,82
1788615668,540.49,98,90198,83
1788615673,540.33,98,90198,83
1788615678,540.04,98,90198,82
1788615683,540.69,98,90198,82
1788615688,541.56,98,90198,82
1788615693,537.88,98,90198,82
1788615698,536.14,98,90198,82
1788615703,536.32,98,90198,82
1788615708,537.92,98,90198,82
1788615713,537.84,98,90198,82
1788615718,538.27,98,90198,82
1788615723,537.65,98,90198,82
1788615728,539.13,98,90198,82
1788615733,539.27,98,90198,82
1788615738,539.90,98,90198,82
1788615743,539.58,98,90198,82
1788615748,539.54,98,90198,82
1788615753,534.84,98,90198,82
1788615759,535.66,98,90198,82
1788615764,536.03,98,90198,82
1788615769,536.22,98,90198,82
1788615774,535.77,98,90198,82
1788615779,536.38,98,90198,82
1788615784,537.06,98,90198,82
1788615789,537.16,98,90198,81
1788615794,536.24,98,90198,82
1788615799,537.08,98,90198,82
1788615804,537.75,98,90198,82
1788615809,537.48,98,90198,82
1788615814,538.83,98,90198,82
1788615819,538.15,98,90198,82
1788615824,539.00,98,90198,82
1788615829,538.63,98,90198,82
1788615834,536.97,98,90198,82
1788615839,536.28,98,90198,82
1788615844,537.43,98,90198,82
1788615849,536.99,98,90198,82
1788615854,535.96,98,90198,82
1788615859,537.12,98,90198,82
1788615864,536.64,98,90198,82
1788615869,538.06,98,90198,82
1788615874,537.50,98,90198,82
1788615879,537.35,98,90198,82
1788615884,539.02,98,90198,82
1788615889,538.85,98,90198,82
1788615894,538.79,98,90198,82
1788615899,538.74,98,90198,82
1788615905,538.57,98,90198,82
1788615910,539.05,98,90198,82
1788615915,538.43,98,90198,82
1788615920,538.43,98,90198,82
1788615925,539.65,98,90198,82
1788615930,540.42,98,90198,82
1788615935,541.27,98,90198,82
1788615940,541.38,98,90198,82
1788615945,540.37,98,90198,82
1788615950,541.23,98,90198,82
1788615955,537.27,98,90198,82
1788615960,536.96,98,90198,82
1788615965,537.07,98,90198,82
1788615970,538.22,98,90198,82
1788615975,537.54,98,90198,82
1788615980,537.84,98,90198,82
1788615985,538.48,98,90198,82
1788615990,538.19,98,90198,82
1788615995,538.40,98,90198,82
1788616000,543.94,98,90198,82
1788616005,536.98,98,90198,82
1788616010,536.89,98,90198,82
1788616015,537.58,98,90198,82
1788616020,537.39,98,90198,81
1788616025,537.73,98,90198,82
1788616030,538.17,98,90198,82
1788616035,537.66,98,90198,82
1788616040,538.10,98,90198,82
1788616045,536.55,98,90198,82
1788616051,533.83,98,90198,82
1788616056,534.18,98,90198,82
1788616061,534.93,98,90198,82
1788616066,534.42,98,90198,82
1788616071,535.32,98,90198,82
1788616076,534.18,98,90198,82
1788616081,533.42,98,90198,82
1788616086,534.91,98,90198,82
1788616091,535.06,98,90198,81
1788616096,535.68,98,90198,81
1788616101,535.47,98,90198,81
1788616106,532.60,98,90198,82
1788616111,531.52,98,90198,82
1788616116,532.36,98,90198,81
1788616121,532.70,98,90198,81
1788616126,532.91,98,90198,81
1788616131,532.75,98,90198,81
1788616136,534.40,98,90198,82
1788616141,534.34,98,90198,81
1788616146,533.47,98,90198,81
1788616151,533.58,98,90198,81
1788616156,534.22,98,90198,82
1788616161,534.18,98,90198,81
1788616166,534.56,98,90198,81
1788616171,534.94,98,90198,82
1788616176,535.35,98,90198,81
1788616181,535.83,98,90198,81
1788616186,535.83,98,90198,81
1788616191,536.15,98,90198,81
1788616197,536.75,98,90198,81
1788616202,536.74,98,90198,82
1788616207,536.97,98,90198,81
1788616212,536.79,98,90198,82
1788616217,537.89,98,90198,81
1788616222,537.59,98,90198,82
1788616227,537.86,98,90198,82
1788616232,537.33,98,90198,82
1788616237,538.51,98,90198,82
1788616242,538.45,98,90198,82
1788616247,539.22,98,90198,82
1788616252,539.43,98,90198,82
1788616257,539.76,98,90198,82
1788616262,539.97,98,90198,82
1788616267,539.82,98,90198,82
1788616272,538.93,98,90198,82
1788616277,536.03,98,90198,82
1788616282,537.27,98,90198,82
1788616287,536.94,98,90198,82
1788616292,537.81,98,90198,81
1788616297,537.72,98,90198,82
1788616302,538.03,98,90198,82
1788616307,536.54,98,90198,82
1788616312,538.59,98,90198,82
1788616317,537.71,98,90198,82
1788616322,538.01,98,90198,82
1788616327,534.56,98,90198,82
1788616332,534.52,98,90198,82
1788616337,536.15,98,90198,81
1788616343,534.59,98,90198,82
1788616348,534.97,98,90198,82
1788616353,534.79,98,90198,82
1788616358,533.74,98,90198,81
1788616363,532.33,98,90198,82
1788616368,532.43,98,90198,81
1788616373,532.69,98,90198,81
1788616378,532.92,98,90198,81
1788616383,532.95,98,90198,81
1788616388,534.40,98,90198,81
1788616393,534.24,98,90198,81
1788616398,535.25,98,90198,82
1788616403,535.73,98,90198,81
1788616408,535.28,98,90198,82
1788616413,535.26,98,90198,81
1788616418,536.62,98,90198,82
1788616423,536.65,98,90198,82
1788616428,536.98,98,90198,82
1788616433,536.46,98,90198,82
1788616438,538.68,98,90198,81
1788616443,537.62,98,90198,82
1788616448,537.56,98,90198,82
1788616453,537.62,98,90198,81
1788616458,538.60,98,90198,82
1788616463,538.49,98,90198,82
1788616468,539.40,98,90198,82
1788616473,540.52,98,90198,82
1788616478,540.16,98,90198,82
1788616483,539.67,98,90198,82
1788616489,541.13,98,90198,82
1788616494,540.34,98,90198,82
1788616499,539.99,98,90198,82
1788616504,541.17,98,90198,82
1788616509,541.01,98,90198,82
1788616514,541.66,98,90198,82
1788616519,542.24,98,90198,82
1788616524,543.05,98,90198,82
1788616529,542.16,99,90198,82
1788616534,546.81,98,90198,82
1788616539,539.88,98,90198,82
1788616544,539.30,98,90198,82
1788616549,538.86,98,90198,82
1788616554,539.44,98,90198,82
1788616559,539.76,98,90198,82
1788616564,538.93,98,90198,82
1788616569,540.11,98,90198,82
1788616574,540.27,98,90198,82
1788616579,540.45,98,90198,82
1788616584,539.97,98,90198,82
1788616589,540.63,98,90198,82
1788616594,540.57,98,90198,82
1788616599,541.38,98,90198,82
1788616604,541.04,98,90198,82
1788616609,541.81,98,90198,82
1788616614,537.57,98,90198,82
1788616619,536.77,98,90198,82
1788616624,537.25,98,90198,82
1788616629,538.00,98,90198,82
1788616635,537.97,98,90198,82
1788616640,538.20,98,90198,82
1788616645,537.70,98,90198,82
1788616650,538.52,98,90198,82
1788616655,537.70,98,90198,82
1788616660,538.72,98,90198,82
1788616665,534.09,98,90198,82
1788616670,534.43,98,90198,82
1788616675,534.94,98,90198,82
1788616680,535.40,98,90198,82
1788616685,534.53,98,90198,82
1788616690,533.65,98,90198,82
1788616695,532.13,98,90198,82
1788616700,531.94,98,90198,81
1788616705,530.60,98,90198,82
1788616710,534.21,98,90198,82
1788616715,530.90,98,90198,82
1788616720,529.25,98,90198,81
1788616725,531.31,98,90198,81
1788616730,533.07,98,90198,81
1788616735,533.46,98,90198,82
1788616740,534.96,98,90198,82
1788616745,534.14,98,90198,82
1788616750,534.00,98,90198,82
1788616755,532.14,98,90198,82
1788616760,532.69,98,90198,81
1788616765,532.59,98,90198,82
1788616770,533.41,98,90198,82
1788616775,533.14,98,90198,82
1788616781,533.42,98,90198,82
1788616786,534.69,98,90198,82
1788616791,534.10,98,90198,82
1788616796,533.90,98,90198,82
1788616801,535.18,98,90198,82
1788616806,535.86,98,90198,82
1788616811,535.33,98,90198,82
1788616816,535.74,98,90198,82
1788616821,537.47,98,90198,82
1788616826,536.54,98,90198,82
1788616831,536.71,98,90198,82
1788616836,537.76,98,90198,82
1788616841,537.51,98,90198,82
1788616846,538.22,98,90198,82
1788616851,538.04,98,90198,82
1788616856,538.49,98,90198,82
1788616861,538.36,98,90198,82
1788616866,537.90,98,90198,82
1788616871,538.79,98,90198,82
1788616876,538.87,98,90198,82
1788616881,539.07,98,90198,82
1788616886,539.70,98,90198,82
1788616891,539.87,98,90198,82
1788616896,540.21,98,90198,82
1788616901,540.51,98,90198,82
1788616906,537.70,98,90198,82
1788616911,537.45,98,90198,82
1788616916,538.11,98,90198,82
1788616921,539.18,98,90198,82
1788616927,538.82,98,90198,82
1788616932,539.40,98,90198,82
1788616937,535.48,98,90198,82
1788616942,536.82,98,90198,82
1788616947,536.86,98,90198,82
1788616952,537.01,98,90198,82
1788616957,537.29,98,90198,82
1788616962,537.05,98,90198,82
1788616967,537.85,98,90198,82
1788616972,538.99,98,90198,82
1788616977,539.04,98,90198,82
1788616982,539.33,98,90198,82
1788616987,539.56,98,90198,82
1788616992,539.26,98,90198,82
1788616997,540.16,98,90198,82
1788617002,540.03,98,90198,82
1788617007,540.26,98,90198,82
1788617012,539.36,98,90198,82
1788617017,540.53,98,90198,82
1788617022,540.33,98,90198,82
1788617027,540.45,98,90198,82
1788617032,540.24,98,90198,82
1788617037,537.51,98,90198,82
1788617042,537.27,98,90198,82
1788617047,536.40,98,90198,82
1788617052,537.57,98,90198,82
1788617057,538.58,98,90198,82
1788617062,538.27,98,90198,82
1788617067,537.89,98,90198,82
1788617073,536.89,98,90198,82
1788617078,537.30,98,90198,82
1788617083,537.52,98,90198,82
1788617088,534.41,98,90198,82
1788617093,533.11,98,90198,82
1788617098,533.28,98,90198,81
1788617103,533.34,98,90198,81
1788617108,533.69,98,90198,81
1788617113,532.90,98,90198,82
1788617118,534.14,98,90198,82
1788617123,533.22,98,90198,82
1788617128,534.73,98,90198,82
1788617133,534.96,98,90198,81
1788617138,535.37,98,90198,82
1788617143,535.39,98,90198,82
1788617148,536.14,98,90198,82
1788617153,535.52,98,90198,82
1788617158,536.47,98,90198,82
1788617163,535.57,98,90198,82
1788617168,536.53,98,90198,82
1788617173,533.18,98,90198,82
1788617178,533.57,98,90198,82
1788617183,533.39,98,90198,81
1788617188,535.01,98,90198,81
1788617193,534.52,98,90198,82
1788617198,534.77,98,90198,82
1788617203,533.88,98,90198,81
1788617208,535.95,98,90198,82
1788617213,535.82,98,90198,81
1788617219,535.92,98,90198,82
1788617224,536.16,98,90198,82
1788617229,537.48,98,90198,82
1788617234,537.13,98,90198,82
1788617239,536.09,98,90198,82
1788617244,537.46,98,90198,82
1788617249,537.72,98,90198,82
1788617254,537.81,98,90198,82
1788617259,537.86,98,90198,82
1788617264,538.05,98,90198,82
1788617269,533.90,98,90198,82
1788617274,536.26,98,90198,82
1788617279,536.54,98,90198,82
1788617284,537.08,98,90198,82
1788617289,537.42,98,90198,82
1788617294,537.51,98,90198,82
1788617299,537.29,98,90198,82
1788617304,537.02,98,90198,82
1788617309,537.88,98,90198,82
1788617314,539.42,98,90198,82
1788617319,538.73,98,90198,82
1788617324,538.56,98,90198,82
1788617329,539.12,98,90198,82
1788617334,539.64,98,90198,82
1788617339,538.94,98,90198,82
1788617344,538.65,98,90198,82
1788617349,537.27,98,90198,82
1788617354,538.01,98,90198,82
1788617359,538.38,98,90198,82
1788617365,539.16,98,90198,82
1788617370,538.52,98,90198,82
1788617375,539.03,98,90198,82
1788617380,539.66,98,90198,82
1788617385,540.53,98,90198,82
1788617390,540.78,98,90198,82
1788617395,540.16,98,90198,82
1788617400,540.53,98,90198,82
1788617405,540.26,98,90198,82
1788617410,534.69,98,90198,82
1788617415,536.66,98,90198,82
1788617420,534.46,98,90198,82
1788617425,538.41,98,90198,82
1788617430,536.11,98,90198,82
1788617435,536.40,98,90198,82
1788617440,537.19,98,90198,82
1788617445,536.87,98,90198,82
1788617450,537.57,98,90198,82
1788617455,537.78,98,90198,82
1788617460,532.20,98,90198,82
1788617465,533.34,98,90198,82
1788617470,534.35,98,90198,82
1788617475,534.03,98,90198,82
1788617480,534.67,98,90198,82
1788617485,535.12,98,90198,82
1788617490,535.59,98,90198,82
1788617495,536.04,98,90198,82
1788617500,535.83,98,90198,82
1788617506,535.95,98,90198,82
1788617511,536.12,98,90198,82
1788617516,536.20,98,90198,82
1788617521,537.28,98,90198,82
1788617526,536.89,98,90198,82
1788617531,536.75,98,90198,82
1788617536,537.11,98,90198,82
1788617541,537.93,98,90198,82
1788617546,538.07,98,90198,82
1788617551,538.21,98,90198,82
1788617556,536.74,98,90198,82
1788617561,536.78,98,90198,82
1788617566,536.63,98,90198,82
1788617571,537.38,98,90198,82
1788617576,537.88,98,90198,82
1788617581,536.94,98,90198,82
1788617586,537.53,98,90198,82
1788617591,537.44,98,90198,82
1788617596,538.37,98,90198,82
1788617601,538.85,98,90198,82
1788617606,538.21,98,90198,82
1788617611,539.43,98,90198,82
1788617616,539.37,98,90198,82
1788617621,539.81,98,90198,82
1788617626,536.47,98,90198,82
1788617631,536.84,98,90198,82
1788617636,536.90,98,90198,82
1788617641,536.09,98,90198,82
1788617646,536.96,98,90198,82
1788617651,537.19,98,90198,82
1788617657,533.04,98,90198,82
1788617662,533.67,98,90198,82
1788617667,534.63,98,90198,82
1788617672,534.41,98,90198,82
1788617677,534.24,98,90198,82
1788617682,534.63,98,90198,82
1788617687,535.01,98,90198,82
1788617692,535.88,98,90198,82
1788617697,535.92,98,90198,82
1788617702,536.06,98,90198,82
1788617707,536.12,98,90198,82
1788617712,535.94,98,90198,82
1788617717,535.16,98,90198,82
1788617722,536.63,98,90198,82
1788617727,536.16,98,90198,82
1788617732,536.49,98,90198,82
1788617737,537.16,98,90198,82
1788617742,537.66,98,90198,82
1788617747,537.72,98,90198,82
1788617752,537.45,98,90198,82
1788617757,538.41,98,90198,82
1788617762,538.37,98,90198,82
1788617767,538.65,98,90198,82
1788617772,539.10,98,90198,82
1788617777,539.27,98,90198,82
1788617782,538.15,98,90198,82
1788617787,538.81,98,90198,82
1788617792,539.68,98,90198,82
1788617797,539.99,98,90198,82
1788617803,540.77,98,90198,82
1788617808,541.40,98,90198,82
1788617813,540.90,98,90198,82
1788617818,537.24,98,90198,82
1788617823,537.36,98,90198,82
1788617828,538.13,98,90198,82
1788617833,539.45,98,90198,82
1788617838,539.21,98,90198,82
1788617843,539.41,98,90198,82
1788617848,539.10,98,90198,82
1788617853,540.15,98,90198,82
1788617858,539.51,98,90198,83
1788617863,539.35,98,90198,83
1788617868,540.44,98,90198,83
1788617873,540.19,98,90198,83
1788617878,540.95,98,90198,83
1788617883,541.52,98,90198,82
1788617888,541.43,98,90198,83
1788617893,542.99,98,90198,83
1788617898,542.14,99,90198,83
1788617903,542.16,98,90198,83
1788617908,542.69,98,90198,82
1788617913,542.03,98,90198,82
1788617918,532.69,98,90198,82
1788617923,532.74,98,90198,82
1788617928,533.91,98,90198,82
1788617933,533.42,98,90198,82
1788617938,533.53,98,90198,82
1788617944,532.66,98,90198,82
1788617949,533.48,98,90198,82
1788617954,533.25,98,90198,82
1788617959,534.49,98,90198,82
1788617964,533.15,98,90198,82
1788617969,533.25,98,90198,82
1788617974,533.38,98,90198,82
1788617979,518.53,98,90198,81
1788617984,518.98,98,90198,81
1788617989,518.10,98,90198,81
1788617994,518.03,98,90198,81
1788617999,518.62,98,90198,81
1788618004,517.59,98,90198,81
1788618009,500.07,98,90198,80
1788618014,499.68,98,90198,80
1788618019,498.47,98,90198,79
1788618024,497.17,98,90198,80
1788618029,497.38,98,90198,79
1788618034,496.17,98,90198,79
1788618039,496.10,98,90198,79
1788618044,496.15,98,90198,79
1788618049,495.98,98,90198,79
1788618054,495.29,98,90198,79
1788618059,494.16,98,90198,79
1788618064,493.07,98,90198,79
1788618069,493.58,98,90198,79
1788618074,493.52,98,90198,79
1788618079,493.22,98,90198,79
1788618084,493.86,98,90198,79
1788618089,493.88,98,90198,79
1788618095,493.71,98,90198,79
1788618100,494.08,98,90198,78
1788618105,492.74,98,90198,78
1788618110,492.81,98,90198,78
1788618115,492.83,98,90198,78
1788618120,492.40,98,90198,78
1788618125,492.77,98,90198,78
1788618130,493.20,98,90198,78
1788618135,493.41,98,90198,78
1788618140,493.12,98,90198,78
1788618145,492.55,98,90198,78
1788618150,492.86,98,90198,78
1788618155,492.92,98,90198,78
1788618160,493.89,98,90198,78
1788618165,494.13,98,90198,78
1788618170,494.10,98,90198,78
1788618175,600.10,100,91258,84
1788618180,433.88,98,91258,78
1788618185,492.44,98,91258,78
1788618190,493.55,98,91258,79
1788618195,494.51,98,91258,79
1788618200,494.36,98,91258,79
1788618205,494.82,98,91258,79
1788618210,495.31,98,91258,78
1788618215,495.93,98,91258,78
1788618220,496.14,98,91258,79
1788618225,494.85,98,91258,78
1788618230,496.68,98,91258,79
1788618235,494.36,98,91258,78
1788618241,494.22,98,91258,78
1788618246,493.61,98,91258,78
1788618251,497.32,98,91258,78
1788618256,493.11,98,91258,78
1788618261,493.09,97,91258,78
1788618266,449.45,68,91258,79
1788618271,492.18,98,91258,78
1788618276,487.08,96,91375,78
1788618281,485.98,96,91375,78
1788618286,486.88,96,91375,78
1788618291,487.21,95,91375,79
1788618296,419.86,42,91375,79
1788618301,489.18,98,91375,78
1788618306,491.27,98,91375,78
1788618311,491.65,98,91375,78
1788618316,491.02,98,91375,78
1788618321,491.54,98,91375,78
1788618326,491.01,98,91375,78
1788618331,492.25,98,91375,78
1788618336,493.25,98,91375,78
1788618341,493.27,98,91375,78
1788618346,493.64,98,91375,78
1788618351,490.17,98,91375,78
1788618356,489.64,98,91375,78
1788618361,489.82,98,91375,78
1788618366,490.26,98,91375,78
1788618371,491.32,98,91375,78
1788618376,491.83,98,91375,78
1788618381,492.20,98,91375,78
1788618387,490.79,98,91375,78
1788618392,490.16,98,91375,78
1788618397,489.57,98,91375,78
1788618402,490.00,98,91375,78
1788618407,490.60,98,91375,78
1788618412,491.30,98,91375,78
1788618417,491.84,98,91375,78
1788618422,178.12,0,91375,70
1788618427,124.46,0,2,66
1788618432,58.88,0,2,62
1788618437,20.13,0,2,59
1788618442,19.05,0,2,57
1788618447,18.18,0,4,55
1788618452,25.04,0,4,53
1788618457,17.49,0,4,52
1788618462,19.74,0,4,51
1788618467,17.31,0,4,50
1788618472,17.84,0,4,49
1788618477,16.42,0,4,48
1788618482,16.83,0,4,47
1788618487,94.88,6,75318,48
1788618492,106.62,2,75318,48
1788618497,106.98,2,76099,48
1788618502,105.72,2,76099,48
1788618507,106.16,2,76099,48
1788618512,106.10,2,76099,48
1788618517,102.69,2,76099,48
1788618523,106.35,2,76099,48
1788618528,107.29,2,76099,48
1788618533,106.24,2,76099,47
1788618538,107.15,2,76099,47
1788618543,106.11,2,76099,47
1788618548,106.69,2,76099,47
1788618553,142.59,98,76635,55
1788618558,88.41,4,84085,46
1788618563,85.97,0,84085,46
1788618568,85.80,0,84085,46
1788618573,85.61,0,84085,45
1788618578,53.24,0,84085,44
1788618583,86.21,0,80783,45
1788618588,85.22,0,80783,44
1788618593,87.29,0,82749,44
1788618598,346.12,100,83969,62
1788618603,93.89,0,83971,46
1788618608,85.60,0,83971,45
1788618613,152.24,0,81263,47
1788618618,169.13,78,82047,51
1788618623,145.82,0,82047,47
1788618628,119.54,0,82047,46
1788618633,151.43,72,82047,54
1788618638,87.78,0,82047,46
1788618643,109.50,0,82047,46
1788618648,86.44,0,82047,45
1788618653,196.61,47,82305,49
1788618658,159.34,0,82305,48
1788618663,167.42,88,82307,50
1788618668,128.72,0,82307,47
1788618673,139.48,0,82307,47
1788618678,153.68,0,82309,48
1788618683,148.49,0,82311,48
1788618688,185.57,0,83161,49
1788618693,536.84,95,90281,60
1788618698,462.43,90,92051,59
1788618703,417.31,95,93835,58
1788618708,272.33,0,94653,54
1788618713,277.39,47,90575,56
1788618718,254.10,60,90793,57
1788618723,106.32,0,90563,51
1788618729,135.25,13,91037,53
1788618734,148.99,0,91391,51
1788618739,106.15,0,91399,49
1788618744,87.50,0,91399,49
1788618749,87.70,0,91399,48
1788618754,86.27,0,91399,47
1788618759,24.48,0,91399,45
1788618764,17.26,0,91399,45
1788618769,15.84,0,91399,44
1788618774,16.78,0,91399,43
1788618779,102.62,40,91399,47
1788618784,169.71,32,91405,47
1788618789,224.84,41,91405,49
1788618794,249.58,43,91405,51
1788618799,270.90,47,91405,51
1788618804,276.10,44,91405,53
1788618809,319.42,63,91405,55
1788618814,323.70,70,91405,55
1788618819,340.02,69,91405,56
1788618824,353.01,79,91405,59
1788618829,335.02,72,91405,59
1788618834,350.07,71,91405,60
1788618839,364.13,72,91405,61
1788618844,377.92,79,91405,62
1788618849,385.43,73,91405,63
1788618854,393.98,80,91405,64
1788618859,392.06,82,91405,64
1788618864,394.75,82,91405,65
1788618869,405.21,82,91405,65
1788618874,405.40,83,91405,66
1788618879,407.84,78,91405,67
1788618884,411.59,84,91405,67
1788618889,410.10,81,91405,67
1788618894,414.74,84,91405,68
1788618899,417.40,84,91405,69
1788618905,418.03,86,91405,69
1788618910,417.05,87,91405,69
1788618915,424.95,85,91405,70
1788618920,425.16,86,91405,70
1788618925,422.96,86,91405,69
1788618930,425.24,86,91405,71
1788618935,427.05,87,91405,70
1788618940,426.49,85,91405,70
1788618945,427.78,86,91405,71
1788618950,431.34,89,91405,71
1788618955,429.47,85,91629,71
1788618960,430.91,86,91629,72
1788618965,430.07,86,91629,71
1788618970,429.13,86,91629,72
1788618975,430.98,87,91629,72
1788618980,429.78,87,91629,72
1788618985,430.82,87,91629,72
1788618990,432.17,87,91629,73
1788618995,432.79,87,91629,73
1788619000,434.31,86,91629,73
1788619005,434.10,87,91629,73
1788619010,437.03,88,91629,73
1788619015,435.94,87,91629,73
1788619020,437.53,87,91629,73
1788619025,434.56,87,91629,73
1788619030,433.82,86,91629,73
1788619035,437.80,87,91629,73
1788619040,437.91,87,91629,73
1788619045,434.48,88,91629,73
1788619050,434.90,86,91629,72
1788619055,437.65,88,91629,74
1788619061,437.20,88,91629,73
1788619066,437.35,87,91629,73
1788619071,434.07,83,91629,74
1788619076,437.83,87,91629,73
1788619081,437.09,87,91629,74
1788619086,433.59,88,91629,74
1788619091,435.06,88,91629,73
1788619096,436.42,87,91629,73
1788619101,435.19,87,91629,74
1788619106,436.76,87,91629,74
1788619111,429.63,81,91629,74
1788619116,433.67,81,91629,74
1788619121,433.66,87,91629,74
1788619126,433.04,82,91629,74
1788619131,435.28,83,91629,74
1788619136,435.73,88,91629,74
1788619141,434.34,82,91629,73
1788619146,436.47,83,91629,74
1788619151,436.62,84,91629,73
1788619156,435.66,88,91629,74
1788619161,434.99,84,91629,74
1788619166,434.32,88,91629,74
1788619171,435.85,87,91629,73
1788619176,438.05,88,91629,74
1788619181,438.35,87,91629,74
1788619186,432.49,84,91629,74
1788619191,436.61,83,91629,73
1788619196,438.47,87,91629,74
1788619201,432.58,81,91629,74
1788619206,434.69,87,91629,73
1788619211,437.88,89,91629,74
1788619217,433.97,86,91629,74
1788619222,435.38,87,91629,73
1788619227,436.08,87,91629,74
1788619232,438.02,89,91629,74
1788619237,436.52,88,91629,73
1788619242,435.25,87,91629,73
1788619247,436.09,84,91629,73
1788619252,436.26,87,91629,74
1788619257,432.48,84,91629,74
1788619262,432.04,87,91629,74
1788619267,434.73,87,91629,73
1788619272,433.76,82,91629,74
1788619277,435.47,85,91629,74
1788619282,434.92,83,91629,73
1788619287,429.14,87,91629,74
1788619292,432.41,87,91629,73
1788619297,434.21,86,91629,74
1788619302,433.77,85,91629,73
1788619307,433.67,87,91629,74
1788619312,437.39,87,91629,74
1788619317,433.11,87,91629,74
1788619322,433.93,87,91629,74
1788619327,432.51,88,91629,74
1788619332,436.05,87,91629,73
1788619337,433.85,88,91629,73
1788619342,436.73,87,91629,74
1788619347,435.07,88,91629,74
1788619352,433.88,88,91629,73
1788619357,432.91,84,91629,74
1788619362,436.48,88,91629,74
1788619367,438.04,87,91629,73
1788619373,430.24,84,91629,73
1788619378,435.02,87,91629,74
1788619383,433.13,82,91629,74
1788619388,435.48,88,91629,74
1788619393,434.38,87,91629,74
1788619398,435.26,88,91629,74
1788619403,437.30,85,91629,74
1788619408,440.34,88,91629,74
1788619413,435.67,88,91629,74
1788619418,437.75,88,91629,74
1788619423,436.17,87,91629,73
1788619428,437.92,85,91629,74
1788619433,441.39,88,91629,74
1788619438,436.95,85,91629,74
1788619443,437.36,87,91629,74
1788619448,432.74,88,91629,74
1788619453,420.90,78,91629,74
1788619458,436.63,87,91629,74
1788619463,429.50,83,91629,74
1788619468,434.44,83,91629,74
1788619473,435.30,88,91629,74
1788619478,435.27,84,91629,74
1788619483,437.12,87,91629,74
1788619488,425.58,82,91629,73
1788619493,432.53,85,91629,73
1788619498,435.80,88,91629,73
1788619503,429.78,87,91629,74
1788619508,432.07,83,91629,74
1788619513,435.51,84,91629,74
1788619518,434.41,86,91629,74
1788619524,432.71,87,91629,74
1788619529,437.47,88,91629,74
1788619534,434.52,85,91629,74
1788619539,438.52,87,91629,74
1788619544,437.57,87,91629,74
1788619549,438.20,88,91629,73
1788619554,423.47,83,91629,74
1788619559,437.26,87,91629,73
1788619564,438.40,88,91629,73
1788619569,436.12,88,91629,74
1788619574,432.78,88,91629,73
1788619579,437.67,87,91629,74
1788619584,438.61,87,91629,74
1788619589,433.37,82,91629,74
1788619594,434.94,87,91629,73
1788619599,436.38,88,91629,74
1788619604,434.33,85,91629,74
1788619609,436.31,88,91629,74
1788619614,439.38,87,91629,73
1788619619,435.21,84,91629,73
1788619624,434.43,87,91629,73
1788619629,433.53,85,91629,74
1788619634,441.15,88,91629,73
1788619639,433.81,88,91629,73
1788619644,439.16,85,91629,73
1788619649,433.24,88,91629,74
1788619654,437.01,87,91629,74
1788619659,433.83,88,91629,74
1788619664,438.76,88,91629,74
1788619669,433.51,83,91629,73
1788619675,434.68,86,91629,74
1788619680,433.47,88,91629,73
1788619685,438.62,88,91629,74
1788619690,439.26,88,91629,73
1788619695,435.31,88,91629,73
1788619700,432.25,88,91629,73
1788619705,439.01,88,91629,74
1788619710,437.65,87,91629,74
1788619715,437.73,88,91629,74
1788619720,438.90,88,91629,73
1788619725,437.06,83,91629,74
1788619730,433.74,85,91629,74
1788619735,434.97,88,91629,73
1788619740,436.36,84,91629,74
1788619745,431.26,87,91629,74
1788619750,431.62,83,91629,73
1788619755,432.62,85,91629,74
1788619760,435.96,83,91629,74
1788619765,434.03,88,91629,73
1788619770,430.68,86,91629,74
1788619775,435.11,87,91629,74
1788619780,436.32,88,91629,73
1788619785,434.96,85,91629,74
1788619790,439.31,87,91629,74
1788619795,439.88,88,91629,73
1788619800,434.93,87,91629,74
1788619805,436.11,87,91629,74
1788619810,436.87,88,91629,74
1788619815,437.42,85,91629,74
1788619820,438.81,87,91629,73
1788619825,436.98,87,91629,74
1788619831,439.29,88,91629,74
1788619836,436.49,88,91629,73
1788619841,435.98,85,91629,74
1788619846,438.19,85,91629,74
1788619851,436.64,83,91629,73
1788619856,436.83,86,91629,74
1788619861,436.99,87,91629,74
1788619866,438.05,87,91629,74
1788619871,432.67,88,91629,74
1788619876,438.23,88,91629,74
1788619881,437.21,84,91629,74
1788619886,439.19,87,91629,74
1788619891,437.06,88,91629,74
1788619896,437.99,88,91629,74
1788619901,436.22,85,91629,74
1788619906,436.62,83,91629,74
1788619911,438.64,88,91629,74
1788619916,435.07,88,91629,74
1788619921,437.70,87,91629,74
1788619926,438.34,88,91629,74
1788619931,433.61,84,91629,74
1788619936,437.62,87,91629,73
1788619941,443.26,88,91629,74
1788619946,435.78,83,91629,73
1788619951,438.89,87,91629,74
1788619956,437.87,88,91629,74
1788619961,440.26,88,91629,74
1788619966,440.89,88,91629,74
1788619971,442.27,89,91629,73
1788619976,434.83,87,91629,73
1788619981,439.08,88,91629,74
1788619987,434.92,87,91629,74
1788619992,440.98,89,91629,74
1788619997,442.07,88,91629,74
1788620002,441.05,88,91629,74
1788620007,439.36,88,91629,74
1788620012,440.08,88,91629,73
1788620017,441.22,87,91629,74
1788620022,436.52,89,91629,74
1788620027,436.16,87,91629,74
1788620032,436.63,89,91629,74
1788620037,438.98,87,91629,74
1788620042,439.18,87,91629,74
1788620047,439.80,83,91629,74
1788620052,439.31,87,91629,73
1788620057,435.17,88,91629,74
1788620062,437.74,88,91629,74
1788620067,435.84,88,91629,73
1788620072,436.49,86,91629,73
1788620077,431.08,88,91629,74
1788620082,431.09,87,91629,74
1788620087,432.24,86,91629,74
1788620092,433.94,87,91629,74
1788620097,433.84,88,91629,74
1788620102,435.32,87,91629,74
1788620107,438.07,87,91629,74
1788620112,433.09,87,91629,74
1788620117,437.16,88,91629,74
1788620122,435.13,87,91629,74
1788620127,438.64,87,91629,74
1788620132,437.40,86,91629,74
1788620138,436.32,84,91629,74
1788620143,436.98,87,91629,74
1788620148,439.33,87,91629,74
1788620153,435.85,88,91629,74
1788620158,437.04,83,91629,72
1788620163,439.85,87,91629,74
1788620168,433.95,87,91629,74
1788620173,435.12,86,91629,74
1788620178,439.15,87,91629,73
1788620183,436.64,87,91629,74
1788620188,438.75,88,91629,74
1788620193,437.75,87,91629,73
1788620198,439.99,88,91629,74
1788620203,440.82,88,91629,74
1788620208,438.58,87,91629,74
1788620213,437.01,84,91629,74
1788620218,438.71,87,91629,74
1788620223,438.95,87,91629,74
1788620228,439.77,86,91629,74
1788620233,437.46,88,91629,74
1788620238,440.63,87,91629,74
1788620243,439.16,84,91629,74
1788620248,437.93,82,91629,74
1788620253,440.08,86,91629,74
1788620258,441.50,88,91629,74
1788620263,438.72,88,91629,74
1788620268,440.86,87,91629,74
1788620273,440.55,88,91629,74
1788620278,436.35,85,91629,74
1788620283,443.15,88,91629,74
1788620288,442.37,87,91629,74
1788620294,441.34,88,91629,74
1788620299,439.31,88,91629,74
1788620304,443.46,90,91629,75
1788620309,434.69,87,91629,74
1788620314,440.39,88,91629,74
1788620319,437.60,87,91629,74
1788620324,438.75,88,91629,74
1788620329,430.12,85,91629,73
1788620334,439.12,87,91629,74
1788620339,434.67,88,91629,74
1788620344,435.65,84,91629,74
1788620349,434.60,84,91629,74
1788620354,433.18,88,91629,74
1788620359,433.48,88,91629,74
1788620364,434.17,88,91629,74
1788620369,437.20,87,91629,74
1788620374,432.37,86,91629,73
1788620379,436.16,85,91629,74
1788620384,436.37,87,91629,74
1788620389,434.45,85,91629,74
1788620394,434.03,83,91629,74
1788620399,435.76,88,91629,74
1788620404,427.34,85,91629,74
1788620409,428.19,83,91629,73
1788620414,440.15,89,91629,74
1788620419,432.67,86,91629,73
1788620424,439.60,87,91629,73
1788620429,434.77,85,91629,73
1788620434,432.31,87,91629,74
1788620439,439.06,88,91629,74
1788620445,439.95,88,91629,73
1788620450,438.43,88,91629,74
1788620455,439.79,88,91629,74
1788620460,439.16,87,91629,74
1788620465,436.25,82,91629,74
1788620470,438.31,87,91629,74
1788620475,441.83,88,91629,74
1788620480,437.41,88,91629,74
1788620485,441.53,85,91629,74
1788620490,437.31,85,91629,74
1788620495,440.84,89,91629,74
1788620500,438.00,88,91629,74
1788620505,439.45,87,91629,74
1788620510,441.88,87,91629,74
1788620515,435.93,87,91629,74
1788620520,435.47,88,91629,74
1788620525,440.17,85,91629,74
1788620530,439.83,87,91629,74
1788620535,438.02,88,91629,74
1788620540,437.31,87,91629,74
1788620545,439.52,88,91629,74
1788620550,435.21,87,91629,74
1788620555,439.46,88,91629,74
1788620560,435.67,88,91629,74
1788620565,437.06,84,91629,74
1788620570,435.02,87,91629,74
1788620575,439.36,83,91629,73
1788620580,437.27,88,91629,74
1788620585,440.62,89,91629,74
1788620590,437.76,88,91629,74
1788620596,438.10,86,91629,74
1788620601,440.55,87,91629,74
1788620606,436.40,86,91629,74
1788620611,439.26,88,91629,74
1788620616,440.68,87,91629,74
1788620621,441.52,88,91629,74
1788620626,440.53,88,91629,74
1788620631,441.18,88,91629,74
1788620636,441.99,88,91629,74
1788620641,440.68,88,91629,74
1788620646,439.72,88,91629,74
1788620651,436.69,88,91629,74
1788620656,432.14,87,91629,74
1788620661,441.15,88,91629,74
1788620666,440.23,88,91629,74
1788620671,442.00,88,91629,74
1788620676,440.57,88,91629,74
1788620681,439.21,87,91629,74
1788620686,438.37,88,91629,74
1788620691,438.93,88,91629,73
1788620696,441.09,88,91629,74
1788620701,442.89,88,91629,74
1788620706,433.91,88,91629,74
1788620711,439.59,88,91629,74
1788620716,439.45,88,91629,74
1788620721,438.47,87,91629,74
1788620726,436.83,89,91629,74
1788620731,437.99,88,91629,74
1788620736,439.14,88,91629,74
1788620741,438.29,88,91629,74
1788620746,436.90,88,91629,74
1788620752,433.63,86,91629,74
1788620757,434.44,87,91629,74
1788620762,438.00,87,91629,74
1788620767,435.49,87,91629,74
1788620772,438.79,88,91629,74
1788620777,439.39,87,91629,74
1788620782,439.59,87,91629,74
1788620787,438.15,87,91629,74
1788620792,437.80,87,91629,73
1788620797,434.93,88,91629,73
1788620802,437.50,88,91629,74
1788620807,439.20,87,91629,74
1788620812,438.18,88,91629,74
1788620817,426.16,87,91629,73
1788620822,439.01,88,91629,74
1788620827,434.80,85,91629,74
1788620832,438.11,87,91629,74
1788620837,438.24,84,91629,74
1788620842,435.81,85,91629,74
1788620847,437.27,86,91629,73
1788620852,439.80,88,91629,74
1788620857,440.64,86,91629,74
1788620862,437.60,87,91629,74
1788620867,435.77,88,91629,74
1788620872,440.76,88,91629,74
1788620877,438.87,88,91629,73
1788620882,436.64,88,91629,74
1788620887,439.03,84,91629,74
1788620892,438.99,88,91629,73
1788620897,439.96,88,91629,73
1788620903,437.84,88,91629,74
1788620908,438.80,88,91629,74
1788620913,437.31,88,91629,73
1788620918,441.28,87,91629,74
1788620923,441.67,88,91629,74
1788620928,438.97,88,91629,74
1788620933,441.10,86,91629,74
1788620938,440.47,87,91629,74
1788620943,438.93,88,91629,74
1788620948,438.53,87,91629,74
1788620953,436.13,87,91629,74
1788620958,439.56,87,91629,74
1788620963,440.66,83,91629,74
1788620968,438.71,88,91629,74
1788620973,435.73,87,91629,74
1788620978,435.87,87,91629,73
1788620983,438.37,88,91629,74
1788620988,430.70,83,91629,74
1788620993,436.72,86,91629,74
1788620998,435.84,88,91629,74
1788621003,436.38,87,91629,74
1788621008,437.54,87,91629,74
1788621013,435.46,86,91629,73
1788621018,434.55,87,91629,73
1788621023,434.87,82,91629,73
1788621028,439.36,86,91629,74
1788621033,437.54,88,91629,74
1788621038,436.94,88,91629,74
1788621043,438.65,87,91629,74
1788621049,438.41,88,91629,74
1788621054,441.64,88,91629,74
1788621059,437.47,88,91629,74
1788621064,440.62,88,91629,74
1788621069,435.18,87,91629,74
1788621074,438.36,87,91629,74
1788621079,439.31,86,91629,74
1788621084,437.34,89,91629,74
1788621089,438.89,89,91629,74
1788621094,440.60,87,91629,74
1788621099,440.42,88,91629,74
1788621104,432.31,87,91629,74
1788621109,436.80,88,91629,74
1788621114,440.40,87,91629,74
1788621119,439.24,88,91629,74
1788621124,438.91,87,91629,74
1788621129,441.12,88,91629,74
1788621134,427.17,87,91629,74
1788621139,429.42,88,91629,74
1788621144,432.66,88,91629,73
1788621149,429.06,89,91629,73
1788621154,428.82,86,91629,74
1788621159,431.67,87,91629,74
1788621164,429.82,87,91629,73
1788621169,426.24,85,91629,74
1788621174,427.13,85,91629,74
1788621179,428.54,81,91629,73
1788621184,429.83,88,91629,73
1788621189,428.32,88,91629,74
1788621194,428.75,88,91629,73
1788621200,410.31,82,91629,73
1788621205,429.97,89,91629,73
1788621210,429.32,85,91629,74
1788621215,431.93,89,91629,73
1788621220,428.58,88,91629,73
1788621225,430.37,86,91629,74
1788621230,429.73,88,91629,74
1788621235,427.47,85,91629,74
1788621240,430.00,88,91629,73
1788621245,431.97,89,91629,73
1788621250,432.85,85,91629,74
1788621255,431.01,86,91629,74
1788621260,429.29,88,91629,74
1788621265,428.59,87,91629,74
1788621270,424.46,88,91629,73
1788621275,425.20,82,91629,73
1788621280,430.75,86,91629,74
1788621285,420.57,88,91629,73
1788621290,413.92,86,91629,73
1788621295,417.45,87,91629,73
1788621300,411.81,86,91629,73
1788621305,405.65,85,91629,72
1788621310,413.66,87,91629,73
1788621315,405.23,88,91629,73
1788621320,486.91,100,94465,77
1788621325,405.91,89,94465,73
1788621330,403.27,88,94465,73
1788621335,406.50,91,94465,73
1788621340,436.73,91,94465,73
1788621345,362.37,61,94465,75
1788621350,383.01,100,94465,78
1788621356,445.23,90,94465,72
1788621361,435.49,89,94465,72
1788621366,420.16,89,94465,73
1788621371,407.79,90,94465,73
1788621376,404.38,90,94465,72
1788621381,403.03,90,94465,72
1788621386,403.76,91,94465,72
1788621391,404.12,90,94465,72
1788621396,400.69,88,94465,72
1788621401,399.71,92,94465,72
1788621406,403.02,88,94465,72
1788621411,400.79,89,94465,72
1788621416,396.96,89,94465,71
1788621421,398.37,90,94465,71
1788621426,398.84,86,94465,71
1788621431,399.64,90,94465,71
1788621436,401.52,89,94465,71
1788621441,400.20,89,94465,71
1788621446,349.59,0,94465,67
1788621451,62.50,0,2,60
1788621456,23.95,0,4,58
1788621461,19.27,0,4,56
1788621466,17.72,0,4,54
1788621471,17.58,0,4,52
1788621476,17.33,0,4,51
1788621481,93.39,4,22666,52
1788621486,92.48,3,22666,51
1788621491,90.62,0,22706,50
1788621496,101.93,0,22806,50
1788621501,101.70,0,87446,49
1788621506,127.21,0,86132,50
1788621511,88.39,0,86196,49
1788621516,98.04,0,86874,48
1788621521,164.59,100,87354,55
1788621527,383.29,100,89776,59
1788621532,468.87,100,89814,60
1788621537,504.85,73,89890,65
1788621542,265.65,37,90112,60
1788621547,162.28,18,90372,56
1788621552,102.86,25,88754,55
1788621557,107.38,0,89042,52
1788621562,99.32,0,89996,51
1788621567,89.13,0,90176,50
1788621572,88.12,0,90176,50
1788621577,88.06,0,90176,49
1788621582,55.73,0,90176,47
1788621587,16.17,0,90176,46
1788621592,16.19,0,90176,45
1788621597,16.21,0,90176,45
1788621602,15.82,0,90176,44
1788621607,15.75,0,90176,43
1788621612,15.66,0,90176,43
1788621617,15.55,0,90176,42
1788621622,26.93,100,686,42
1788621627,53.53,0,2,42
1788621632,15.49,0,2,42
1788621637,15.43,0,2,41
1788621642,17.13,0,4,41
1788621647,17.13,0,2,41
1788621652,15.73,0,4,40
1788621658,15.85,0,4,40
1788621663,15.76,0,4,40
1788621668,15.66,0,4,40
1788621673,15.59,0,4,39
1788621678,15.66,0,4,39
1788621683,54.08,1,73924,41
1788621688,105.77,2,75318,41
1788621693,104.75,2,76099,42
1788621698,104.42,2,76099,42
1788621703,104.53,2,76099,42
1788621708,105.56,2,76099,43
1788621713,104.72,2,76099,43
1788621718,105.53,2,76099,43
1788621723,104.99,2,76099,43
1788621728,106.11,2,76099,43
1788621733,104.99,2,76099,43
1788621738,105.88,2,76099,44
1788621743,105.40,2,76099,44
1788621748,106.49,2,76099,44
1788621753,89.99,4,84085,43
1788621758,86.18,0,84085,43
1788621763,84.75,0,84085,43
1788621768,85.81,0,84085,43
1788621773,83.28,0,84085,42
1788621778,57.66,0,87285,43
1788621783,85.22,0,80783,43
1788621788,88.80,0,82749,43
1788621793,85.35,0,83969,43
1788621798,100.86,0,83971,45
1788621803,85.94,0,83971,44
1788621808,128.98,0,81263,45
1788621813,167.92,0,82047,46
1788621818,145.33,0,82047,45
1788621823,122.69,0,82047,45
1788621829,151.73,0,82047,46
1788621834,152.39,0,82047,46
1788621839,140.07,0,82047,45
1788621844,86.13,0,82047,45
1788621849,189.31,42,82305,47
1788621854,183.32,0,82305,47
1788621859,167.56,0,82305,47
1788621864,144.79,70,82307,49
1788621869,147.93,0,82307,47
1788621874,152.97,0,82309,47
1788621879,162.31,0,82311,47
1788621884,171.05,0,81947,47
1788621889,509.99,95,90083,59
1788621894,452.93,90,92051,58
1788621899,328.00,97,93835,56
1788621904,473.21,0,94653,55
1788621909,281.01,48,90039,56
1788621914,266.63,61,90463,56
1788621919,107.12,1,90537,51
1788621924,109.75,12,90847,52
1788621929,157.98,26,91351,52
1788621934,98.88,45,91399,52
1788621939,87.54,0,91399,48
1788621944,87.54,0,91399,48
1788621949,87.51,0,91399,47
1788621954,20.67,0,91399,45
1788621959,15.74,0,91399,44
1788621964,15.70,0,91399,44
1788621969,15.95,0,91399,43
1788621974,51.81,27,91399,44
1788621979,87.41,0,91807,44
1788621984,252.54,46,92029,49
1788621989,267.35,56,92029,51
1788621994,281.37,60,92255,53
1788621999,326.89,65,92765,54
1788622004,330.23,82,92765,60
1788622009,358.69,65,92765,55
1788622015,326.65,66,92765,56
1788622020,408.89,81,92765,60
1788622025,388.48,80,92765,60
1788622030,396.79,85,92765,61
1788622035,333.45,71,92765,61
1788622040,390.94,79,92765,63
1788622045,402.15,81,92765,63
1788622050,365.97,81,92765,64
1788622055,407.12,77,92765,65
1788622060,399.54,87,93055,66
1788622065,390.82,83,93055,66
1788622070,394.99,87,93055,66
1788622075,387.45,80,93055,67
1788622080,439.47,88,93055,68
1788622085,439.85,100,93055,73
1788622090,383.19,82,93055,67
1788622095,438.77,100,93055,73
1788622100,374.80,81,93055,68
1788622105,434.47,91,93055,69
1788622110,425.48,90,93055,69
1788622115,391.17,94,93055,70
1788622120,418.49,81,93055,70
1788622125,441.29,88,93055,70
1788622130,413.18,87,93055,70
1788622135,427.33,81,93055,69
1788622140,395.21,88,93055,71
1788622145,415.99,74,93055,72
1788622150,386.93,87,93055,71
1788622155,457.46,95,93055,73
1788622160,414.16,86,93055,71
1788622165,410.58,90,93055,71
1788622170,423.83,88,93055,71
1788622175,423.22,90,93055,71
1788622180,394.92,72,93055,71
1788622186,432.08,86,93367,71
1788622191,411.30,83,93367,72
1788622196,400.20,89,93367,72
1788622201,401.64,87,93367,71
1788622206,413.70,87,93367,72
1788622211,417.52,63,93367,70
1788622216,411.40,84,93367,72
1788622221,417.79,79,93367,72
1788622226,405.77,82,93367,71
1788622231,405.62,83,93367,71
1788622236,416.08,84,93367,72
1788622241,409.10,86,93367,72
1788622246,416.02,84,93367,72
1788622251,392.20,85,93367,72
1788622256,426.03,87,93367,72
1788622261,414.44,85,93367,72
1788622266,397.18,87,93367,72
1788622271,411.16,86,93367,73
1788622276,414.49,95,93931,75
1788622281,397.05,84,93931,72
1788622286,404.31,89,93931,72
1788622291,421.93,86,93931,72
1788622296,460.58,96,93931,76
1788622301,422.38,90,93931,73
1788622306,421.74,87,93931,73
1788622311,455.07,93,93931,75
1788622316,449.52,100,93931,78
1788622321,454.88,83,93931,73
1788622326,417.34,88,93931,73
1788622331,415.52,88,93931,73
1788622336,399.13,85,93931,73
1788622341,453.32,89,93931,74
1788622346,430.11,88,93931,73
1788622351,395.42,89,93931,73
1788622357,398.15,85,93931,73
1788622362,434.80,85,93931,73
1788622367,399.44,86,93931,72
1788622372,430.92,87,93931,73
1788622377,396.61,88,93931,73
1788622382,410.82,88,93931,73
1788622387,453.43,90,93931,73
1788622392,451.39,89,93931,73
1788622397,399.31,86,93931,72
1788622402,393.93,89,93933,74
1788622407,401.94,87,93933,73
1788622412,398.27,86,93933,72
1788622417,436.16,83,93933,74
1788622422,450.07,86,93933,73
1788622427,430.78,87,93933,73
1788622432,420.54,84,93933,73
1788622437,412.57,88,93933,73
1788622442,416.47,87,93933,73
1788622447,437.57,90,93933,73
1788622452,442.01,88,93933,73
1788622457,424.48,88,93933,73
1788622462,420.10,90,93933,73
1788622467,428.35,100,93933,77
1788622472,400.70,88,93933,72
1788622477,406.37,89,93933,72
1788622482,402.42,77,93933,74
1788622487,430.57,88,93933,74
1788622492,435.61,89,93933,73
1788622497,436.68,89,93933,73
1788622502,404.43,89,93933,73
1788622507,453.20,100,93933,74
1788622512,428.81,87,93933,73
1788622517,417.80,97,93933,77
1788622522,400.24,89,93933,73
1788622528,401.92,88,93933,73
1788622533,432.11,90,93933,73
1788622538,426.02,89,93933,73
1788622543,456.43,96,93933,75
1788622548,416.74,89,93933,73
1788622553,422.71,85,93933,73
1788622558,439.69,90,93933,74
1788622563,414.31,77,93933,77
1788622568,402.43,88,93933,73
1788622573,427.99,88,93933,73
1788622578,433.06,84,93933,78
1788622583,401.28,84,93933,73
1788622588,439.90,100,93933,78
1788622593,425.76,84,93933,73
1788622598,440.18,89,93933,74
1788622603,416.61,90,93933,73
1788622608,430.08,83,93933,74
1788622613,399.77,86,93933,73
1788622618,420.59,88,93933,73
1788622623,440.50,90,93933,74
1788622628,432.30,88,93933,73
1788622633,429.15,88,93933,73
1788622638,404.72,85,93933,73
1788622643,427.08,88,93933,73
1788622648,404.60,87,93933,73
1788622653,429.63,88,93933,73
1788622658,400.84,85,93933,72
1788622663,432.68,84,93933,73
1788622668,425.59,84,93933,72
1788622673,401.20,89,93933,72
1788622678,426.59,87,93933,73
1788622683,397.92,87,93933,72
1788622688,422.25,88,93933,72
1788622693,428.25,84,93933,73
1788622699,425.96,88,93933,73
1788622704,422.12,100,93933,77
1788622709,402.07,89,93933,72
1788622714,445.69,77,93933,77
1788622719,433.40,84,93933,73
1788622724,428.84,88,93933,73
1788622729,403.74,88,93933,73
1788622734,400.48,87,93933,72
1788622739,413.47,88,93933,72
1788622744,428.66,88,93933,73
1788622749,438.52,90,93933,73
1788622754,401.16,88,93933,73
1788622759,448.04,87,93933,73
1788622764,424.62,91,93933,73
1788622769,430.60,87,93933,73
1788622774,430.36,83,93933,73
1788622779,426.98,82,93933,75
1788622784,406.45,87,93933,73
1788622789,403.97,91,93933,72
1788622794,459.36,90,93933,73
1788622799,427.75,88,93933,73
1788622804,428.48,90,93933,73
1788622809,454.11,89,93933,74
1788622814,424.76,87,93933,73
1788622819,435.89,90,93933,73
1788622824,428.18,88,93933,73
1788622829,434.67,88,93933,73
1788622834,415.29,77,93933,78
1788622839,404.05,89,93933,73
1788622844,465.89,100,93933,78
1788622849,427.08,72,93933,71
1788622854,458.17,77,93933,77
1788622859,428.00,89,93933,73
1788622865,406.61,88,93933,73
1788622870,428.02,88,93933,73
1788622875,441.02,88,93933,74
1788622880,437.99,91,93933,73
1788622885,422.70,90,93933,73
1788622890,451.27,76,93933,78
1788622895,405.80,89,93933,73
1788622900,434.89,90,93933,73
1788622905,429.49,86,93933,73
1788622910,404.04,88,93933,73
1788622915,463.71,93,93933,75
1788622920,440.13,90,93933,74
1788622925,440.12,90,93933,73
1788622930,422.68,90,93933,73
1788622935,435.19,89,93933,73
1788622940,453.38,90,93933,74
1788622945,409.40,86,93933,73
1788622950,415.04,81,93933,77
1788622955,430.85,88,93933,73
1788622960,428.21,89,93933,73
1788622965,437.57,84,93933,73
1788622970,430.76,85,93933,73
1788622975,400.68,88,93933,73
1788622980,420.68,83,93933,73
1788622985,429.94,89,93933,74
1788622990,430.34,76,93933,76
1788622995,398.64,88,93933,73
1788623000,416.81,88,93933,73
1788623005,461.21,75,93933,78
1788623010,408.32,84,93933,73
1788623015,429.55,91,93933,75
1788623020,424.83,100,93933,78
1788623026,401.73,88,93933,73
1788623031,421.78,90,93933,73
1788623036,433.23,88,93933,76
1788623041,434.76,96,93933,76
1788623046,440.62,87,93933,73
1788623051,420.28,88,93933,73
1788623056,425.90,89,93933,74
1788623061,431.85,86,93933,73
1788623066,425.21,88,93933,73
1788623071,438.09,87,93933,73
1788623076,405.45,84,93933,73
1788623081,410.38,91,93933,73
1788623086,432.68,89,93933,73
1788623091,413.43,88,93933,73
1788623096,437.45,89,93933,73
1788623101,455.88,88,93933,74
1788623106,440.93,81,93933,77
1788623111,457.90,88,93933,74
1788623116,432.39,88,93933,74
1788623121,438.51,84,93933,74
1788623126,408.46,90,93933,73
1788623131,408.05,89,93933,73
1788623136,447.76,93,93933,74
1788623141,424.51,88,93933,74
1788623146,448.97,89,93933,74
1788623151,429.59,88,93933,73
1788623156,422.15,77,93933,73
1788623161,468.97,97,93933,79
1788623166,420.09,100,93933,78
1788623171,429.90,89,93933,73
1788623176,436.49,90,93933,73
1788623181,431.99,97,93933,76
1788623186,435.45,88,93933,73
1788623192,431.15,86,93933,74
1788623197,428.99,89,93933,73
1788623202,431.76,87,93933,73
1788623207,435.79,88,93933,74
1788623212,395.13,85,93933,73
1788623217,425.24,90,93933,73
1788623222,432.81,88,93933,73
1788623227,404.37,89,93933,73
1788623232,397.03,88,93933,73
1788623237,456.96,90,93933,74
1788623242,432.23,89,93933,73
1788623247,400.12,89,93933,73
1788623252,401.54,85,93933,73
1788623257,401.98,88,93933,73
1788623262,431.51,89,93933,73
1788623267,431.62,88,93933,73
1788623272,445.86,93,93933,75
1788623277,399.38,69,93933,71
1788623282,455.67,88,93933,74
1788623287,448.19,90,93933,74
1788623292,425.60,89,93933,73
1788623297,438.41,84,93933,73
1788623302,415.22,87,93933,73
1788623307,426.05,87,93933,73
1788623312,421.74,90,93933,74
1788623317,437.72,80,93933,77
1788623322,403.36,89,93933,73
1788623327,435.92,88,93933,73
1788623332,425.60,88,93933,73
1788623337,421.23,88,93933,73
1788623342,426.13,88,93933,73
1788623347,407.37,90,93933,73
1788623352,402.80,89,93933,73
1788623358,408.16,90,93933,73
1788623363,423.16,100,93933,78
1788623368,426.79,89,93933,73
1788623373,453.61,94,93933,75
1788623378,426.45,93,93933,74
1788623383,454.20,89,93933,73
1788623388,457.36,97,93933,78
1788623393,444.67,97,93933,76
1788623398,410.39,75,93933,77
1788623403,394.33,84,93933,73
1788623408,456.55,89,93933,73
1788623413,454.66,100,93933,78
1788623418,413.11,78,93933,77
1788623423,436.85,97,93933,78
1788623428,408.60,88,93933,73
1788623433,423.92,100,93933,78
1788623438,460.05,100,93933,78
1788623443,432.57,89,93933,74
1788623448,454.67,89,93933,74
1788623453,458.35,92,93933,78
1788623458,419.49,86,93933,78
1788623463,403.04,86,93933,73
1788623468,433.01,96,93933,74
1788623473,447.53,90,93933,74
1788623478,401.25,88,93933,73
1788623483,402.01,90,93933,73
1788623488,430.58,83,93933,73
1788623493,403.66,90,93933,73
1788623498,435.17,89,93933,74
1788623503,405.26,88,93933,73
1788623508,429.08,88,93933,73
1788623513,423.72,88,93933,72
1788623518,431.98,88,93933,73
1788623524,430.00,86,93933,73
1788623529,440.51,70,93933,76
1788623534,429.66,70,93933,74
1788623539,403.30,88,93933,73
1788623544,403.87,91,93933,73
1788623549,417.39,85,93933,73
1788623554,395.44,85,93933,72
1788623559,433.24,89,93933,73
1788623564,405.06,85,93933,73
1788623569,440.54,88,93933,73
1788623574,401.34,88,93933,72
1788623579,430.93,88,93933,73
1788623584,406.58,90,93933,73
1788623589,411.96,84,93933,72
1788623594,421.26,89,93933,73
1788623599,419.80,86,93933,75
1788623604,442.65,97,93933,75
1788623609,404.78,89,93933,73
1788623614,417.55,88,93933,73
1788623619,412.31,80,93933,77
1788623624,445.56,92,93933,74
1788623629,419.26,88,93933,73
1788623634,409.17,91,93933,73
1788623639,405.18,90,93933,73
1788623644,448.02,90,93933,73
1788623649,431.74,89,93933,73
1788623654,430.51,77,93933,74
1788623659,430.68,90,93933,72
1788623664,431.63,88,93933,73
1788623669,397.00,86,93933,72
1788623674,446.30,83,93933,77
1788623679,429.53,89,93933,73
1788623684,454.11,89,93933,73
1788623690,402.37,90,93933,73
1788623695,421.38,91,93933,73
1788623700,434.80,89,93933,73
1788623705,415.01,83,93933,77
1788623710,461.23,90,93933,74
1788623715,404.25,77,93933,76
1788623720,429.19,90,93933,73
1788623725,473.07,89,93933,73
1788623730,444.28,84,93933,73
1788623735,404.33,85,93933,73
1788623740,428.29,88,93933,73
1788623745,435.76,94,93933,78
1788623750,401.96,88,93933,73
1788623755,403.51,84,93933,73
1788623760,453.66,100,93933,79
1788623765,449.94,89,93933,74
1788623770,417.89,89,93933,73
1788623775,435.02,91,93933,73
1788623780,430.36,89,93933,73
1788623785,427.22,95,93933,75
1788623790,425.74,86,93933,73
1788623795,411.42,78,93933,77
1788623800,400.20,88,93933,73
1788623805,458.10,90,93933,74
1788623810,433.05,88,93933,73
1788623815,398.65,84,93933,73
1788623820,453.37,88,93933,73
1788623825,435.36,88,93933,73
1788623830,403.14,88,93933,72
1788623835,400.97,88,93933,73
1788623840,467.73,83,93933,73
1788623845,401.87,90,93933,73
1788623851,437.71,89,93933,74
1788623856,435.31,89,93933,73
1788623861,435.55,87,93933,73
1788623866,433.10,88,93933,73
1788623871,413.42,95,93933,74
1788623876,423.92,89,93933,73
1788623881,417.37,91,93933,73
1788623886,435.53,93,93933,74
1788623891,399.92,87,93933,73
1788623896,434.91,88,93933,73
1788623901,423.22,88,93933,73
1788623906,433.73,90,93933,75
1788623911,431.77,85,93933,73
1788623916,433.29,81,93933,76
1788623921,432.76,89,93933,73
1788623926,402.43,86,93933,72
1788623931,403.74,90,93933,72
1788623936,424.66,84,93933,72
1788623941,434.56,88,93933,73
1788623946,408.12,72,93933,76
1788623951,430.18,89,93933,73
1788623956,424.69,88,93933,73
1788623961,453.85,91,93933,73
1788623966,432.56,90,93933,73
1788623971,437.37,79,93933,77
1788623976,404.95,90,93933,73
1788623981,404.88,89,93933,72
1788623986,427.96,88,93933,73
1788623991,429.05,88,93933,74
1788623996,459.45,90,93933,73
1788624001,408.97,79,93933,76
1788624006,404.73,88,93933,73
1788624011,433.11,90,93933,73
1788624016,458.65,87,93933,73
1788624022,426.71,89,93933,73
1788624027,427.95,90,93933,74
1788624032,430.15,89,93933,73
1788624037,398.21,86,93933,73
1788624042,404.35,89,93933,73
1788624047,433.70,89,93933,73
1788624052,447.26,89,93933,73
1788624057,424.68,89,93933,74
1788624062,402.68,90,93933,73
1788624067,437.61,84,93933,74
1788624072,430.78,88,93933,73
1788624077,426.43,87,93933,73
1788624082,454.44,98,93933,77
1788624087,404.18,87,93933,73
1788624092,403.34,88,93933,73
1788624097,437.50,87,93933,73
1788624102,402.77,84,93933,72
1788624107,443.23,89,93933,73
1788624112,400.87,89,93933,73
1788624117,404.76,89,93933,73
1788624122,411.10,90,93933,73
1788624127,437.28,91,93933,73
1788624132,452.30,100,93933,78
1788624137,445.33,84,93933,76
1788624142,430.85,87,93933,74
1788624147,428.52,88,93933,73
1788624152,434.48,89,93933,73
1788624157,406.94,85,93933,73
1788624162,424.08,90,93933,73
1788624167,433.74,87,93933,75
1788624172,418.27,84,93933,72
1788624177,420.62,89,93933,72
1788624183,433.21,88,93933,73
1788624188,407.20,88,93933,73
1788624193,435.11,88,93933,73
1788624198,429.94,90,93933,73
1788624203,425.48,88,93933,73
1788624208,405.75,86,93933,72
1788624213,405.29,89,93933,73
1788624218,475.62,88,93933,74
1788624223,444.62,89,93933,73
1788624228,432.09,88,93933,73
1788624233,434.31,90,93933,74
1788624238,405.11,89,93933,73
1788624243,453.52,100,93933,78
1788624248,460.91,90,93933,74
1788624253,435.61,90,93933,74
1788624258,449.88,88,93933,73
1788624263,402.04,90,93933,73
1788624268,401.78,77,93933,72
1788624273,425.79,90,93933,73
1788624278,469.59,84,93933,77
1788624283,436.08,90,93933,73
1788624288,423.04,89,93933,73
1788624293,420.81,88,93933,73
1788624298,439.63,89,93933,74
1788624303,430.81,90,93933,75
1788624308,426.48,89,93933,73
1788624313,432.87,91,93933,73
1788624318,405.86,89,93933,73
1788624323,430.76,87,93933,73
1788624328,432.92,88,93933,74
1788624333,429.94,88,93933,73
1788624338,419.52,78,93933,77
1788624344,470.54,91,93933,75
1788624349,433.46,89,93933,73
1788624354,426.17,95,93933,76
1788624359,411.61,89,93933,73
1788624364,453.29,89,93933,74
1788624369,437.40,90,93933,73
1788624374,407.26,91,93933,73
1788624379,437.96,88,93933,74
1788624384,431.71,75,93933,76
1788624389,402.81,86,93933,73
1788624394,426.44,100,93933,78
1788624399,453.83,95,93933,76
1788624404,403.41,90,93933,73
1788624409,427.48,88,93933,73
1788624414,435.98,89,93933,73
1788624419,436.79,94,93933,75
1788624424,436.90,90,93933,74
1788624429,415.22,87,93933,73
1788624434,424.45,87,93933,73
1788624439,420.19,91,93933,73
1788624444,422.39,88,93933,73
1788624449,409.33,89,93933,73
1788624454,436.29,88,93933,73
1788624459,445.38,85,93933,72
1788624464,415.80,88,93933,73
1788624469,433.04,90,93933,74
1788624474,427.69,88,93933,73
1788624479,438.64,88,93933,73
1788624484,404.53,90,93933,73
1788624489,408.12,91,93933,73
1788624494,410.15,90,93933,73
1788624499,86.46,0,2,63
1788624504,53.91,0,4,60
1788624510,21.36,0,4,57
1788624515,19.88,0,4,55
1788624520,18.50,0,4,54
1788624525,18.01,0,4,52
1788624530,95.18,4,22666,52
1788624535,96.20,4,22666,52
1788624540,94.24,4,22666,51
1788624545,90.11,0,22706,51
1788624550,89.69,0,22806,50
1788624555,119.40,0,86182,50
1788624560,112.72,0,86196,50
1788624565,88.83,0,86196,49
1788624570,145.57,33,87354,53
1788624575,436.01,100,89604,59
1788624580,466.64,100,89794,63
1788624585,487.90,100,89846,66
1788624590,454.64,82,89946,66
1788624595,194.47,14,90238,58
1788624600,141.68,15,90496,55
1788624605,128.22,11,88852,54
1788624610,90.69,0,89188,52
1788624615,114.12,0,90176,51
1788624620,89.78,0,90176,50
1788624625,88.89,0,90176,50
1788624630,88.35,0,90176,49
1788624635,19.10,0,90176,47
1788624640,16.56,0,90176,46
1788624645,16.20,0,90176,45
1788624650,16.29,0,90176,45
1788624655,15.96,0,90176,44
1788624660,15.85,0,90176,43
1788624665,15.85,0,90176,43
1788624670,15.64,0,90176,42
1788624675,15.67,0,90176,42
1788624681,15.52,0,90176,42
1788624686,15.55,0,90176,41
1788624691,15.48,0,90176,41
1788624696,15.34,0,90176,41
1788624701,15.37,0,90176,40
1788624706,15.24,0,90176,40
1788624711,15.27,0,90176,40
1788624716,15.02,0,90176,40
1788624721,15.24,0,90176,39
1788624726,15.09,0,90176,39
1788624731,83.88,0,90178,41
1788624736,85.27,0,90178,41
1788624741,84.74,0,90178,41
1788624746,52.01,0,90178,40
1788624751,15.26,0,90178,40
1788624756,15.20,0,90178,39
1788624761,16.01,0,90178,39
1788624766,16.05,0,90178,39
1788624771,15.09,0,90178,39
1788624776,15.95,0,90178,38
1788624781,15.21,0,90178,38
1788624786,15.05,0,90178,38
1788624791,14.95,0,90178,38
1788624796,15.02,0,90178,38
1788624801,15.40,0,90178,38
1788624806,15.14,0,90178,38
1788624811,15.19,0,90178,38
1788624816,15.23,0,90178,38
1788624822,15.16,0,90178,37
1788624827,15.09,0,90178,37
1788624832,15.20,0,90178,37
1788624837,15.07,0,90178,37
1788624842,15.10,0,90178,37
1788624847,15.02,0,90178,37
1788624852,14.91,0,90178,37
1788624857,15.04,0,90178,37
1788624862,14.92,0,90178,37
1788624867,14.97,0,90178,37
1788624872,14.86,0,90178,37
1788624877,14.74,0,90178,37
1788624882,14.83,0,90178,37
1788624887,14.90,0,90178,37
1788624892,14.97,0,90178,37
1788624897,15.09,0,90178,37
1788624902,15.02,0,90178,36
1788624907,15.01,0,90178,36
1788624912,15.04,0,90178,36
1788624917,14.73,0,90178,36
1788624922,14.71,0,90178,36
1788624927,14.77,0,90178,36
1788624932,15.04,0,90178,36
1788624937,14.91,0,90178,36
1788624942,15.01,0,90178,36
1788624947,15.01,0,90178,36
1788624952,14.98,0,90178,36
1788624957,14.70,0,90178,36
1788624963,15.06,0,90178,36
1788624968,15.66,0,90178,36
1788624973,15.22,0,90178,36
1788624978,15.48,0,90178,36
1788624983,15.23,0,90178,36
1788624988,15.95,0,90178,36
1788624993,14.93,0,90178,36
1788624998,15.41,0,90178,36
1788625003,14.95,0,90178,36
1788625008,15.76,0,90178,36
1788625013,15.08,0,90178,36
1788625018,15.76,0,90178,36
1788625023,15.02,0,90178,36
1788625028,15.54,0,90178,36
1788625033,14.84,0,90178,36
1788625038,15.69,0,90178,36
1788625043,14.75,0,90178,36
1788625048,15.78,0,90178,36
1788625053,14.74,0,90178,36
1788625058,15.54,0,90178,36
1788625063,14.85,0,90178,36
1788625068,15.70,0,90178,36
1788625073,14.94,0,90178,36
1788625078,15.88,0,90178,36
1788625083,14.83,0,90178,36
1788625088,15.74,0,90178,36
1788625093,14.82,0,90178,36
1788625099,15.70,0,90178,36
1788625104,14.94,0,90178,36
1788625109,14.74,0,90178,36
1788625114,14.62,0,90178,36
1788625119,15.04,0,90178,36
1788625124,14.71,0,90178,36
1788625129,15.19,0,90178,36
1788625134,14.83,0,90178,36
1788625139,15.14,0,90178,36
1788625144,14.76,0,90178,36
1788625149,15.20,0,90178,36
1788625154,14.88,0,90178,36
1788625159,15.04,0,90178,36
1788625164,14.98,0,90178,36
1788625169,15.04,0,90178,36
1788625174,15.07,0,90178,36
1788625179,15.43,0,90178,36
1788625184,14.74,0,90178,36
1788625189,15.06,0,90178,36
1788625194,14.66,0,90178,36
1788625199,15.10,0,90178,36
1788625204,14.82,0,90178,36
1788625209,15.11,0,90178,36
1788625214,14.92,0,90178,36
1788625219,15.58,0,90178,36
1788625224,14.77,0,90178,36
1788625229,15.29,0,90178,36
1788625234,14.75,0,90178,36
1788625240,15.16,0,90178,36
1788625245,14.91,0,90178,36
1788625250,14.78,0,90178,36
1788625255,14.78,0,90178,36
1788625260,14.91,0,90178,36
1788625265,14.77,0,90178,36
1788625270,14.93,0,90178,36
1788625275,15.11,0,90178,36
1788625280,15.07,0,90178,36
1788625285,15.05,0,90178,36
1788625290,14.45,0,90178,36
1788625295,14.44,0,90178,36
1788625300,14.44,0,90178,36
1788625305,14.45,0,90178,36
1788625310,14.42,0,90178,36
1788625315,14.62,0,90178,36
1788625320,14.97,0,90178,36
1788625325,14.95,0,90178,36
1788625330,14.72,0,90178,36
1788625335,14.84,0,90178,36
1788625340,14.97,0,90178,36
1788625345,14.77,0,90178,36
1788625350,14.95,0,90178,36
1788625355,14.84,0,90178,36
1788625360,14.78,0,90178,36
1788625365,14.87,0,90178,36
1788625370,14.41,0,90178,36
1788625376,14.36,0,90178,36
1788625381,14.67,0,90178,36
1788625386,15.01,0,90178,36
1788625391,14.75,0,90178,36
1788625396,14.85,0,90178,36
1788625401,14.84,0,90178,36
1788625406,14.71,0,90178,36
1788625411,14.78,0,90178,36
1788625416,14.73,0,90178,36
1788625421,14.98,0,90178,36
1788625426,15.01,0,90178,36
1788625431,14.81,0,90178,36
1788625436,14.81,0,90178,36
1788625441,14.70,0,90178,36
1788625446,14.65,0,90178,36
1788625451,14.57,0,90178,36
1788625456,15.30,0,90178,36
1788625461,14.98,0,90178,36
1788625466,14.61,0,90178,36
1788625471,14.61,0,90178,36
1788625476,14.66,0,90178,36
1788625481,14.87,0,90178,36
1788625486,14.71,0,90178,36
1788625491,14.92,0,90178,36
1788625496,14.70,0,90178,36
1788625501,14.46,0,90178,36
1788625506,14.33,0,90178,36
1788625511,14.48,0,90178,36
1788625517,14.40,0,90178,36
1788625522,14.59,0,90178,36
1788625527,14.79,0,90178,36
1788625532,14.67,0,90178,36
1788625537,14.91,0,90178,36
1788625542,14.69,0,90178,36
1788625547,14.55,0,90178,36
1788625552,14.70,0,90178,36
1788625557,14.72,0,90178,36
1788625562,14.84,0,90178,36
1788625567,14.87,0,90178,36
1788625572,14.76,0,90178,36
1788625577,14.60,0,90178,36
1788625582,14.64,0,90178,36
1788625587,14.93,0,90178,36
1788625592,14.76,0,90178,36
1788625597,14.55,0,90178,36
1788625602,14.58,0,90178,36
1788625607,14.75,0,90178,36
1788625612,14.69,0,90178,36
1788625617,14.69,0,90178,36
1788625622,14.74,0,90178,36
1788625627,14.83,0,90178,36
1788625632,14.73,0,90178,36
1788625637,14.51,0,90178,36
1788625642,14.33,0,90178,36
1788625647,14.61,0,90178,36
1788625653,14.54,0,90178,36
1788625658,15.47,0,90178,36
1788625663,14.49,0,90178,36
1788625668,15.56,0,90178,36
1788625673,14.67,0,90178,36
1788625678,15.11,0,90178,36
1788625683,15.23,0,90178,36
1788625688,15.61,0,90178,36
1788625693,14.69,0,90178,36
1788625698,15.50,0,90178,36
1788625703,14.74,0,90178,36
1788625708,15.80,0,90178,36
1788625713,14.92,0,90178,36
1788625718,15.25,0,90178,36
1788625723,14.79,0,90178,36
1788625728,15.12,0,90178,36
1788625733,15.01,0,90178,36
1788625738,15.54,0,90178,36
1788625743,14.75,0,90178,36
1788625748,15.60,0,90178,36
1788625753,15.09,0,90178,36
1788625758,15.73,0,90178,36
1788625763,14.58,0,90178,36
1788625768,15.48,0,90178,36
1788625773,14.84,0,90178,36
1788625778,15.62,0,90178,36
1788625783,14.85,0,90178,36
1788625789,15.76,0,90178,36
1788625794,14.81,0,90178,36
1788625799,14.63,0,90178,36
1788625804,14.63,0,90178,36
1788625809,15.26,0,90178,36
1788625814,14.65,0,90178,36
1788625819,14.80,0,90178,36
1788625824,14.75,0,90178,36
1788625829,15.06,0,90178,36
1788625834,14.51,0,90178,36
1788625839,15.04,0,90178,36
1788625844,14.76,0,90178,36
1788625849,14.96,0,90178,36
1788625854,14.82,0,90178,36
1788625859,14.96,0,90178,36
1788625864,15.07,0,90178,36
1788625869,15.37,0,90178,36
1788625874,14.93,0,90178,36
1788625879,15.08,0,90178,36
1788625884,14.92,0,90178,36
1788625889,15.04,0,90178,36
1788625894,15.08,0,90178,36
1788625899,15.24,0,90178,36
1788625904,14.80,0,90178,36
1788625909,14.57,0,90178,36
1788625914,14.69,0,90178,36
1788625919,15.09,0,90178,36
1788625924,15.11,0,90178,36
1788625930,15.29,0,90178,36
1788625935,14.71,0,90178,36
1788625940,14.88,0,90178,36
1788625945,14.63,0,90178,36
1788625950,14.84,0,90178,36
1788625955,14.60,0,90178,36
1788625960,14.71,0,90178,36
1788625965,14.70,0,90178,36
1788625970,14.69,0,90178,36
1788625975,15.00,0,90178,36
1788625980,14.75,0,90178,36
1788625985,14.83,0,90178,36
1788625990,14.91,0,90178,36
1788625995,15.02,0,90178,36
1788626000,14.94,0,90178,36
1788626005,14.92,0,90178,36
1788626010,14.88,0,90178,36
1788626015,15.11,0,90178,36
1788626020,14.84,0,90178,36
1788626025,14.64,0,90178,36
1788626030,14.56,0,90178,36
1788626035,14.79,0,90178,36
1788626040,14.69,0,90178,36
1788626045,14.79,0,90178,36
1788626050,14.86,0,90178,36
1788626055,14.75,0,90178,36
1788626060,14.52,0,90178,36
1788626066,14.62,0,90178,36
1788626071,14.69,0,90178,36
1788626076,14.88,0,90178,36
1788626081,14.95,0,90178,36
1788626086,14.68,0,90178,36
1788626091,14.94,0,90178,36
1788626096,14.88,0,90178,36
1788626101,14.69,0,90178,36
1788626106,15.00,0,90178,36
1788626111,14.88,0,90178,36
1788626116,14.76,0,90178,36
1788626121,14.82,0,90178,36
1788626126,14.59,0,90178,36
1788626131,15.02,0,90178,36
1788626136,14.61,0,90178,36
1788626141,14.74,0,90178,36
1788626146,14.74,0,90178,36
1788626151,14.82,0,90178,36
1788626156,14.93,0,90178,36
1788626161,15.07,0,90178,36
1788626166,14.68,0,90178,36
1788626171,14.94,0,90178,36
1788626176,14.77,0,90178,36
1788626181,14.78,0,90178,36
1788626186,14.84,0,90178,36
1788626191,14.36,0,90178,36
1788626196,14.64,0,90178,36
1788626201,14.85,0,90178,36
1788626207,14.73,0,90178,36
1788626212,14.86,0,90178,36
1788626217,14.85,0,90178,36
1788626222,14.43,0,90178,36
1788626227,14.68,0,90178,36
1788626232,14.77,0,90178,36
1788626237,15.06,0,90178,36
1788626242,15.03,0,90178,36
1788626247,14.70,0,90178,36
1788626252,14.78,0,90178,36
1788626257,14.68,0,90178,36
1788626262,14.82,0,90178,36
1788626267,14.90,0,90178,36
1788626272,15.07,0,90178,36
1788626277,14.76,0,90178,36
1788626282,14.62,0,90178,36
1788626287,14.51,0,90178,36
1788626292,14.59,0,90178,36
1788626297,14.89,0,90178,36
1788626302,15.00,0,90178,36
1788626307,14.58,0,90178,36
1788626312,14.91,0,90178,36
1788626317,14.80,0,90178,36
1788626322,14.40,0,90178,36
1788626327,14.56,0,90178,36
1788626332,14.72,0,90178,36
1788626337,14.90,0,90178,36
1788626343,14.77,0,90178,36
1788626348,15.59,0,90178,36
1788626353,14.48,0,90178,36
1788626358,15.68,0,90178,36
1788626363,14.85,0,90178,36
1788626368,15.42,0,90178,36
1788626373,14.68,0,90178,36
1788626378,15.63,0,90178,36
1788626383,14.68,0,90178,36
1788626388,15.60,0,90178,36
1788626393,14.64,0,90178,36
1788626398,15.14,0,90178,36
1788626403,14.92,0,90178,36
1788626408,15.35,0,90178,36
1788626413,14.49,0,90178,36
1788626418,14.90,0,90178,36
1788626423,14.89,0,90178,36
1788626428,15.26,0,90178,36
1788626433,15.05,0,90178,36
1788626438,15.73,0,90178,36
1788626443,14.89,0,90178,36
1788626448,15.34,0,90178,36
1788626453,15.01,0,90178,36
1788626458,15.78,0,90178,36
1788626463,14.79,0,90178,36
1788626468,15.03,0,90178,36
1788626473,14.77,0,90178,36
1788626479,15.67,0,90178,36
1788626484,15.03,0,90178,36
1788626489,15.42,0,90178,36
1788626494,14.85,0,90178,36
1788626499,15.41,0,90178,36
1788626504,14.90,0,90178,36
1788626509,14.99,0,90178,36
1788626514,15.02,0,90178,36
1788626519,15.55,0,90178,36
1788626524,15.33,0,90178,36
1788626529,15.71,0,90178,36
1788626534,15.14,0,90178,36
1788626539,15.23,0,90178,36
1788626544,15.12,0,90178,36
1788626549,14.92,0,90178,36
1788626554,14.85,0,90178,36
1788626559,14.68,0,90178,36
1788626564,14.94,0,90178,36
1788626569,15.16,0,90178,36
1788626574,15.13,0,90178,36
1788626579,14.81,0,90178,36
1788626584,14.75,0,90178,36
1788626589,14.84,0,90178,36
1788626594,14.69,0,90178,36
1788626599,14.64,0,90178,36
1788626604,14.58,0,90178,36
1788626609,14.48,0,90178,36
1788626614,14.59,0,90178,36
1788626620,14.78,0,90178,36
1788626625,14.69,0,90178,36
1788626630,14.56,0,90178,36
1788626635,14.77,0,90178,36
1788626640,14.85,0,90178,36
1788626645,14.59,0,90178,36
1788626650,14.81,0,90178,36
1788626655,14.56,0,90178,36
1788626660,14.64,0,90178,36
1788626665,15.06,0,90178,36
1788626670,14.68,0,90178,36
1788626675,14.81,0,90178,36
1788626680,14.99,0,90178,36
1788626685,14.99,0,90178,36
1788626690,14.89,0,90178,36
1788626695,14.95,0,90178,36
1788626700,14.95,0,90178,36
1788626705,14.69,0,90178,36
1788626710,14.87,0,90178,36
1788626715,14.62,0,90178,36
1788626720,14.52,0,90178,36
1788626725,14.66,0,90178,36
1788626730,15.19,0,90178,36
1788626735,14.89,0,90178,36
1788626740,14.99,0,90178,36
1788626745,14.64,0,90178,36
1788626750,15.08,0,90178,36
1788626755,15.13,0,90178,36
1788626761,15.10,0,90178,36
1788626766,15.21,0,90178,36
1788626771,14.85,0,90178,36
1788626776,14.88,0,90178,36
1788626781,14.88,0,90178,36
1788626786,14.81,0,90178,36
1788626791,14.78,0,90178,36
1788626796,14.97,0,90178,36
1788626801,14.91,0,90178,36
1788626806,14.83,0,90178,36
1788626811,15.15,0,90178,36
1788626816,15.04,0,90178,36
1788626821,14.77,0,90178,36
1788626826,14.68,0,90178,36
1788626831,14.98,0,90178,36
1788626836,15.04,0,90178,36
1788626841,14.82,0,90178,36
1788626846,15.08,0,90178,36
1788626851,14.99,0,90178,36
1788626856,14.65,0,90178,36
1788626861,14.66,0,90178,36
1788626866,14.72,0,90178,36
1788626871,14.63,0,90178,36
1788626876,14.59,0,90178,36
1788626881,14.70,0,90178,36
1788626886,14.60,0,90178,36
1788626891,14.44,0,90178,36
1788626897,14.76,0,90178,36
1788626902,14.70,0,90178,36
1788626907,14.78,0,90178,36
1788626912,14.67,0,90178,36
1788626917,14.39,0,90178,36
1788626922,14.21,0,90178,36
1788626927,14.27,0,90178,36
1788626932,14.78,0,90178,36
1788626937,14.82,0,90178,36
1788626942,14.69,0,90178,36
1788626947,14.99,0,90178,36
1788626952,14.88,0,90178,36
1788626957,14.92,0,90178,36
1788626962,14.93,0,90178,36
1788626967,14.73,0,90178,36
1788626972,14.81,0,90178,36
1788626977,14.94,0,90178,36
1788626982,14.44,0,90178,36
1788626987,14.59,0,90178,36
1788626992,14.73,0,90178,36
1788626997,14.68,0,90178,36
1788627002,14.69,0,90178,36
1788627007,14.90,0,90178,36
1788627012,14.83,0,90178,36
1788627017,14.61,0,90178,36
1788627022,14.79,0,90178,36
1788627027,14.85,0,90178,36
1788627032,14.47,0,90178,36
1788627038,14.44,0,90178,36
1788627043,14.39,0,90178,36
1788627048,15.32,0,90178,36
1788627053,14.87,0,90178,36
1788627058,15.27,0,90178,36
1788627063,14.58,0,90178,36
1788627068,14.92,0,90178,36
1788627073,14.71,0,90178,36
1788627078,15.21,0,90178,36
1788627083,14.88,0,90178,36
1788627088,15.24,0,90178,36
1788627093,14.69,0,90178,36
1788627098,15.19,0,90178,36
1788627103,14.84,0,90178,36
1788627108,15.48,0,90178,36
1788627113,14.74,0,90178,36
1788627118,15.14,0,90178,36
1788627123,14.82,0,90178,36
1788627128,15.69,0,90178,36
1788627133,14.88,0,90178,36
1788627138,15.55,0,90178,36
1788627143,14.83,0,90178,36
1788627148,15.17,0,90178,36
1788627153,14.49,0,90178,36
1788627158,14.88,0,90178,36
1788627163,14.55,0,90178,36
1788627168,14.97,0,90178,36
1788627174,14.76,0,90178,36
1788627179,15.13,0,90178,36
1788627184,14.82,0,90178,36
1788627189,14.80,0,90178,36
1788627194,14.82,0,90178,36
1788627199,14.81,0,90178,36
1788627204,14.44,0,90178,36
1788627209,14.73,0,90178,36
1788627214,14.55,0,90178,36
1788627219,14.68,0,90178,36
1788627224,14.47,0,90178,36
1788627229,14.57,0,90178,36
1788627234,14.80,0,90178,36
1788627239,14.91,0,90178,36
1788627244,14.87,0,90178,36
1788627249,15.14,0,90178,36
1788627254,14.72,0,90178,36
1788627259,14.42,0,90178,36
1788627264,14.52,0,90178,36
1788627269,14.70,0,90178,36
1788627274,14.72,0,90178,36
1788627279,14.36,0,90178,36
1788627284,14.60,0,90178,36
1788627289,14.72,0,90178,36
1788627294,14.40,0,90178,36
1788627299,14.60,0,90178,36
1788627304,14.80,0,90178,36
1788627309,14.44,0,90178,36
1788627315,14.38,0,90178,36
1788627320,14.63,0,90178,36
1788627325,14.53,0,90178,36
1788627330,14.65,0,90178,36
1788627335,14.62,0,90178,36
1788627340,14.61,0,90178,36
1788627345,14.68,0,90178,36
1788627350,14.80,0,90178,36
1788627355,14.79,0,90178,36
1788627360,14.87,0,90178,36
1788627365,14.71,0,90178,36
1788627370,14.83,0,90178,36
1788627375,14.94,0,90178,36
1788627380,14.63,0,90178,36
1788627385,14.89,0,90178,36
1788627390,15.06,0,90178,36
1788627395,14.64,0,90178,36
1788627400,15.06,0,90178,36
1788627405,15.01,0,90178,36
1788627410,14.79,0,90178,36
1788627415,14.95,0,90178,36
1788627420,14.80,0,90178,36
1788627425,14.61,0,90178,36
1788627430,14.75,0,90178,36
1788627435,14.85,0,90178,36
1788627440,14.87,0,90178,36
1788627445,14.80,0,90178,36
1788627450,14.91,0,90178,36
1788627456,14.72,0,90178,36
1788627461,14.85,0,90178,36
1788627466,14.82,0,90178,36
1788627471,14.66,0,90178,36
1788627476,14.53,0,90178,36
1788627481,14.39,0,90178,36
1788627486,14.71,0,90178,36
1788627491,14.59,0,90178,36
1788627496,15.07,0,90178,36
1788627501,14.80,0,90178,36
1788627506,14.80,0,90178,36
1788627511,14.72,0,90178,36
1788627516,14.95,0,90178,36
1788627521,14.85,0,90178,36
1788627526,14.84,0,90178,36
1788627531,14.97,0,90178,36
1788627536,14.61,0,90178,36
1788627541,14.70,0,90178,36
1788627546,14.76,0,90178,36
1788627551,14.86,0,90178,36
1788627556,14.63,0,90178,36
1788627561,14.66,0,90178,36
1788627566,14.78,0,90178,36
1788627571,14.58,0,90178,36
1788627576,14.90,0,90178,36
1788627581,14.88,0,90178,36
1788627586,14.76,0,90178,36
1788627592,14.75,0,90178,36
1788627597,14.65,0,90178,36
1788627602,14.85,0,90178,36
1788627607,15.00,0,90178,36
1788627612,14.81,0,90178,36
1788627617,14.75,0,90178,36
1788627622,14.92,0,90178,36
1788627627,14.83,0,90178,36
1788627632,15.13,0,90178,36
1788627637,14.85,0,90178,36
1788627642,14.84,0,90178,36
1788627647,14.96,0,90178,36
1788627652,14.78,0,90178,36
1788627657,14.76,0,90178,36
1788627662,15.01,0,90178,36
1788627667,14.87,0,90178,36
1788627672,14.79,0,90178,36
1788627677,15.09,0,90178,36
1788627682,14.99,0,90178,36
1788627687,14.75,0,90178,36
1788627692,15.04,0,90178,36
1788627697,14.94,0,90178,36
1788627702,14.80,0,90178,36
1788627707,14.73,0,90178,36
1788627712,14.74,0,90178,36
1788627717,14.83,0,90178,36
1788627722,14.58,0,90178,36
1788627727,14.58,0,90178,36
1788627733,14.85,0,90178,36
1788627738,15.31,0,90178,36
1788627743,14.79,0,90178,36
1788627748,15.27,0,90178,36
1788627753,14.98,0,90178,36
1788627758,15.27,0,90178,36
1788627763,14.79,0,90178,36
1788627768,15.11,0,90178,36
1788627773,14.94,0,90178,36
1788627778,15.22,0,90178,36
1788627783,14.78,0,90178,36
1788627788,15.49,0,90178,36
1788627793,14.91,0,90178,36
1788627798,15.38,0,90178,36
1788627803,14.99,0,90178,36
1788627808,15.38,0,90178,36
1788627813,14.86,0,90178,36
1788627818,15.38,0,90178,36
1788627823,15.15,0,90178,36
1788627828,15.25,0,90178,36
1788627833,14.81,0,90178,36
1788627838,15.04,0,90178,36
1788627843,14.85,0,90178,36
1788627848,14.89,0,90178,36
1788627853,14.57,0,90178,36
1788627858,15.12,0,90178,36
1788627863,14.94,0,90178,36
1788627869,15.00,0,90178,36
1788627874,14.67,0,90178,36
1788627879,14.85,0,90178,36
1788627884,14.93,0,90178,36
1788627889,15.28,0,90178,36
1788627894,15.06,0,90178,36
1788627899,15.32,0,90178,36
1788627904,15.08,0,90178,36
1788627909,14.90,0,90178,36
1788627914,14.86,0,90178,36
1788627919,14.81,0,90178,36
1788627924,14.70,0,90178,36
1788627929,14.73,0,90178,36
1788627934,14.87,0,90178,36
1788627939,14.94,0,90178,36
1788627944,14.80,0,90178,36
1788627949,15.16,0,90178,36
1788627954,14.88,0,90178,36
1788627959,14.89,0,90178,36
1788627964,14.81,0,90178,36
1788627969,14.87,0,90178,36
1788627974,14.75,0,90178,36
1788627979,15.06,0,90178,36
1788627984,14.57,0,90178,36
1788627989,15.01,0,90178,36
1788627994,15.00,0,90178,36
1788627999,14.68,0,90178,36
1788628004,14.92,0,90178,36
1788628010,15.17,0,90178,36
1788628015,14.98,0,90178,36
1788628020,14.98,0,90178,36
1788628025,14.65,0,90178,36
1788628030,14.81,0,90178,36
1788628035,15.00,0,90178,36
1788628040,15.17,0,90178,36
1788628045,15.27,0,90178,36
1788628050,15.01,0,90178,36
1788628055,14.81,0,90178,36
1788628060,14.78,0,90178,36
1788628065,14.78,0,90178,36
1788628070,14.71,0,90178,36
1788628075,15.06,0,90178,36
1788628080,14.82,0,90178,36
1788628085,14.81,0,90178,36
1788628090,14.88,0,90178,36
1788628095,14.54,0,90178,36
1788628100,14.91,0,90178,36
1788628105,14.58,0,90178,36
1788628110,14.90,0,90178,36
1788628115,14.65,0,90178,36
1788628120,14.82,0,90178,36
1788628125,14.65,0,90178,36
1788628130,14.39,0,90178,36
1788628135,14.94,0,90178,36
1788628140,14.73,0,90178,36
1788628146,14.85,0,90178,36
1788628151,14.90,0,90178,36
1788628156,14.67,0,90178,36
1788628161,14.89,0,90178,36
1788628166,14.90,0,90178,36
1788628171,14.91,0,90178,36
1788628176,14.95,0,90178,36
1788628181,14.98,0,90178,36
1788628186,14.98,0,90178,36
1788628191,14.80,0,90178,36
1788628196,14.77,0,90178,36
1788628201,14.97,0,90178,36
1788628206,14.73,0,90178,36
1788628211,14.83,0,90178,36
1788628216,14.50,0,90178,36
1788628221,14.67,0,90178,36
1788628226,14.78,0,90178,36
1788628231,14.56,0,90178,36
1788628236,14.57,0,90178,36
1788628241,14.62,0,90178,36
1788628246,14.83,0,90178,36
1788628251,14.89,0,90178,36
1788628256,14.39,0,90178,36
1788628261,14.96,0,90178,36
1788628266,14.71,0,90178,36
1788628271,14.80,0,90178,36
1788628276,14.78,0,90178,36
1788628281,14.98,0,90178,36
1788628287,14.91,0,90178,36
1788628292,14.92,0,90178,36
1788628297,14.77,0,90178,36
1788628302,14.57,0,90178,36
1788628307,14.57,0,90178,36
1788628312,14.80,0,90178,36
1788628317,14.71,0,90178,36
1788628322,14.78,0,90178,36
1788628327,14.65,0,90178,36
1788628332,14.72,0,90178,36
1788628337,14.80,0,90178,36
1788628342,14.49,0,90178,35
1788628347,14.56,0,90178,36
1788628352,14.62,0,90178,36
1788628357,14.67,0,90178,36
1788628362,14.75,0,90178,36
1788628367,14.45,0,90178,36
1788628372,14.47,0,90178,35
1788628377,14.94,0,90178,35
1788628382,14.93,0,90178,35
1788628387,14.69,0,90178,35
1788628392,14.78,0,90178,35
1788628397,14.66,0,90178,35
1788628402,14.53,0,90178,35
1788628407,14.79,0,90178,35
1788628412,14.90,0,90178,35
1788628417,14.70,0,90178,35
1788628423,15.03,0,90178,35
1788628428,15.20,0,90178,35
1788628433,15.06,0,90178,35
1788628438,15.05,0,90178,35
1788628443,14.85,0,90178,35
1788628448,15.26,0,90178,36
1788628453,14.99,0,90178,36
1788628458,15.33,0,90178,36
1788628463,14.56,0,90178,36
1788628468,15.13,0,90178,36
1788628473,14.74,0,90178,36
1788628478,14.90,0,90178,36
1788628483,14.90,0,90178,36
1788628488,15.01,0,90178,36
1788628493,14.57,0,90178,36
1788628498,14.72,0,90178,36
1788628503,14.49,0,90178,36
1788628508,15.02,0,90178,36
1788628513,14.90,0,90178,35
1788628518,14.74,0,90178,36
1788628523,14.50,0,90178,35
1788628528,14.58,0,90178,36
1788628533,14.36,0,90178,36
1788628538,15.08,0,90178,36
1788628543,14.74,0,90178,36
1788628548,15.06,0,90178,36
1788628553,14.44,0,90178,36
1788628558,14.48,0,90178,36
1788628564,14.33,0,90178,35
1788628569,14.57,0,90178,35
1788628574,14.55,0,90178,35
1788628579,14.77,0,90178,35
1788628584,14.31,0,90178,35
1788628589,14.68,0,90178,35
1788628594,14.72,0,90178,35
1788628599,14.86,0,90178,35
1788628604,14.73,0,90178,35
1788628609,14.98,0,90178,35
1788628614,14.81,0,90178,35
1788628619,15.30,0,90178,35
1788628624,14.48,0,90178,35
1788628629,15.01,0,90178,35
1788628634,14.72,0,90178,35
1788628639,14.91,0,90178,35
1788628644,14.52,0,90178,35
1788628649,14.93,0,90178,35
1788628654,14.92,0,90178,35
1788628659,14.76,0,90178,35
1788628664,14.75,0,90178,35
1788628669,14.93,0,90178,35
1788628674,14.64,0,90178,35
1788628679,14.81,0,90178,35
1788628684,14.43,0,90178,35
1788628689,14.71,0,90178,35
1788628694,14.42,0,90178,35
1788628700,14.55,0,90178,35
1788628705,14.62,0,90178,35
1788628710,14.53,0,90178,35
1788628715,14.65,0,90178,35
1788628720,14.94,0,90178,35
1788628725,14.63,0,90178,35
1788628730,14.89,0,90178,35
1788628735,14.71,0,90178,35
1788628740,14.65,0,90178,35
1788628745,14.77,0,90178,35
1788628750,14.94,0,90178,35
1788628755,14.94,0,90178,35
1788628760,15.05,0,90178,35
1788628765,14.93,0,90178,35
1788628770,14.94,0,90178,35
1788628775,14.53,0,90178,35
1788628780,14.71,0,90178,35
1788628785,14.96,0,90178,35
1788628790,14.81,0,90178,35
1788628795,14.57,0,90178,35
1788628800,14.69,0,90178,35
1788628805,14.92,0,90178,35
1788628810,14.70,0,90178,35
1788628815,14.95,0,90178,35
1788628820,14.98,0,90178,35
1788628825,15.08,0,90178,35
1788628830,14.81,0,90178,35
1788628835,14.67,0,90178,35
1788628841,14.88,0,90178,35
1788628846,14.65,0,90178,35
1788628851,14.74,0,90178,35
1788628856,14.82,0,90178,35
1788628861,14.60,0,90178,35
1788628866,14.64,0,90178,35
1788628871,14.75,0,90178,35
1788628876,14.79,0,90178,35
1788628881,14.54,0,90178,35
1788628886,14.61,0,90178,35
1788628891,14.75,0,90178,35
1788628896,14.88,0,90178,35
1788628901,14.79,0,90178,35
1788628906,14.77,0,90178,35
1788628911,14.80,0,90178,35
1788628916,14.68,0,90178,35
1788628921,14.92,0,90178,35
1788628926,15.02,0,90178,35
1788628931,14.98,0,90178,35
1788628936,14.63,0,90178,35
1788628941,14.82,0,90178,35
1788628946,14.68,0,90178,35
1788628951,15.03,0,90178,35
1788628956,15.03,0,90178,35
1788628961,14.63,0,90178,35
1788628966,14.80,0,90178,35
1788628971,14.84,0,90178,35
1788628976,14.86,0,90178,35
1788628982,14.74,0,90178,35
1788628987,14.68,0,90178,35
1788628992,14.60,0,90178,35
1788628997,14.78,0,90178,35
1788629002,14.75,0,90178,35
1788629007,14.93,0,90178,35
1788629012,14.89,0,90178,35
1788629017,15.08,0,90178,35
1788629022,14.93,0,90178,35
1788629027,14.86,0,90178,35
1788629032,14.88,0,90178,35
1788629037,14.95,0,90178,35
1788629042,14.79,0,90178,35
1788629047,14.82,0,90178,35
1788629052,14.82,0,90178,35
1788629057,14.85,0,90178,35
1788629062,14.91,0,90178,35
1788629067,14.91,0,90178,35
1788629072,14.81,0,90178,35
1788629077,14.88,0,90178,35
1788629082,15.22,0,90178,35
1788629087,14.84,0,90178,35
1788629092,14.95,0,90178,35
1788629097,14.77,0,90178,35
1788629102,14.72,0,90178,35
1788629107,14.78,0,90178,35
1788629112,14.90,0,90178,35
1788629117,15.23,0,90178,35
1788629123,15.16,0,90178,35
1788629128,15.66,0,90178,35
1788629133,14.95,0,90178,35
1788629138,15.21,0,90178,35
1788629143,14.66,0,90178,35
1788629148,14.96,0,90178,35
1788629153,14.78,0,90178,35
1788629158,15.12,0,90178,35
1788629163,14.85,0,90178,35
1788629168,15.21,0,90178,35
1788629173,14.73,0,90178,35
1788629178,15.28,0,90178,35
1788629183,14.86,0,90178,35
1788629188,15.23,0,90178,35
1788629193,15.00,0,90178,35
1788629198,15.32,0,90178,35
1788629203,14.96,0,90178,35
1788629208,15.13,0,90178,35
1788629213,15.11,0,90178,35
1788629218,15.37,0,90178,35
1788629223,14.96,0,90178,35
1788629228,15.46,0,90178,35
1788629233,14.90,0,90178,35
1788629238,14.89,0,90178,35
1788629243,14.83,0,90178,35
1788629248,15.28,0,90178,35
1788629253,15.06,0,90178,35
1788629259,15.31,0,90178,35
1788629264,14.96,0,90178,35
1788629269,14.91,0,90178,35
1788629274,14.87,0,90178,35
1788629279,15.12,0,90178,35
1788629284,14.83,0,90178,35
1788629289,14.93,0,90178,35
1788629294,14.82,0,90178,35
1788629299,14.81,0,90178,35
1788629304,14.69,0,90178,35
1788629309,15.20,0,90178,35
1788629314,15.07,0,90178,35
1788629319,15.08,0,90178,35
1788629324,14.77,0,90178,35
1788629329,15.01,0,90178,35
1788629334,14.86,0,90178,35
1788629339,14.99,0,90178,35
1788629344,14.88,0,90178,35
1788629349,15.14,0,90178,35
1788629354,14.92,0,90178,35
1788629359,15.02,0,90178,35
1788629364,15.12,0,90178,35
1788629369,15.21,0,90178,35
1788629374,14.78,0,90178,35
1788629379,15.15,0,90178,35
1788629384,14.76,0,90178,35
1788629389,15.31,0,90178,35
1788629394,15.09,0,90178,35
1788629400,15.16,0,90178,35
1788629405,14.70,0,90178,35
1788629410,15.26,0,90178,35
1788629415,15.11,0,90178,35
1788629420,14.80,0,90178,35
1788629425,15.10,0,90178,35
1788629430,15.09,0,90178,35
1788629435,15.15,0,90178,35
1788629440,15.07,0,90178,35
1788629445,15.01,0,90178,35
1788629450,15.16,0,90178,35
1788629455,14.87,0,90178,35
1788629460,15.07,0,90178,35
1788629465,15.07,0,90178,35
1788629470,14.76,0,90178,35
1788629475,15.14,0,90178,35
1788629480,14.72,0,90178,35
1788629485,14.89,0,90178,35
1788629490,14.95,0,90178,35
1788629495,14.85,0,90178,35
1788629500,14.82,0,90178,35
1788629505,14.88,0,90178,35
1788629510,15.15,0,90178,35
1788629515,14.68,0,90178,35
1788629520,15.17,0,90178,35
1788629525,15.02,0,90178,35
1788629530,15.11,0,90178,35
1788629535,15.00,0,90178,35
1788629541,15.12,0,90178,35
1788629546,15.08,0,90178,35
1788629551,15.09,0,90178,35
1788629556,14.94,0,90178,35
1788629561,15.05,0,90178,35
1788629566,15.11,0,90178,35
1788629571,15.36,0,90178,35
1788629576,15.05,0,90178,35
1788629581,15.14,0,90178,35
1788629586,15.09,0,90178,35
1788629591,15.26,0,90178,35
1788629596,14.99,0,90178,35
1788629601,15.21,0,90178,35
1788629606,15.05,0,90178,35
1788629611,15.22,0,90178,35
1788629616,15.38,0,90178,35
1788629621,15.21,0,90178,35
1788629626,15.26,0,90178,35
1788629631,15.32,0,90178,35
1788629636,15.44,0,90178,35
1788629641,15.17,0,90178,35
1788629646,14.94,0,90178,35
1788629651,15.05,0,90178,35
1788629656,15.17,0,90178,35
1788629661,15.01,0,90178,35
1788629666,14.80,0,90178,35
1788629671,15.05,0,90178,35
1788629676,15.13,0,90178,35
1788629682,15.25,0,90178,35
1788629687,15.19,0,90178,35
1788629692,15.10,0,90178,35
1788629697,15.31,0,90178,35
1788629702,15.22,0,90178,35
1788629707,15.42,0,90178,35
1788629712,15.06,0,90178,35
1788629717,15.41,0,90178,35
1788629722,15.40,0,90178,35
1788629727,15.16,0,90178,35
1788629732,15.10,0,90178,35
1788629737,15.37,0,90178,35
1788629742,15.05,0,90178,35
1788629747,15.03,0,90178,35
1788629752,15.09,0,90178,35
1788629757,15.10,0,90178,35
1788629762,14.94,0,90178,35
1788629767,14.95,0,90178,35
1788629772,14.88,0,90178,35
1788629777,15.04,0,90178,35
1788629782,15.10,0,90178,35
1788629787,15.05,0,90178,35
